forecast_type,forecast_effective,forecast_expires,location_id,location_tz,date,start_time,end_time,start_time_local,end_time_local,delta_t,wind_speed,wind_speed_unit,wind_direction
hourly,2026-09-28T07:17:50Z,2026-09-28T08:17:50Z,78,America/Chicago,2026-09-28,2026-09-28T19:00:00Z,2026-09-28T20:00:00Z,2 PM,3 PM,2,14,mph,SSE
hourly,2026-09-28T07:17:50Z,2026-09-28T08:17:50Z,78,America/Chicago,2026-09-29,2026-09-29T22:00:00Z,2026-09-29T23:00:00Z,5 PM,6 PM,3.3,6,mph,S
hourly,2026-09-28T07:17:50Z,2026-09-28T08:17:50Z,78,America/Chicago,2026-09-30,2026-09-30T21:00:00Z,2026-09-30T22:00:00Z,4 PM,5 PM,9.9,9,mph,WSW
hourly,2026-09-28T07:17:50Z,2026-09-28T08:17:50Z,78,America/Chicago,2026-10-01,2026-10-01T20:00:00Z,2026-10-01T21:00:00Z,3 PM,4 PM,11.9,17,mph,WNW
hourly,2026-09-28T07:17:50Z,2026-09-28T08:17:50Z,78,America/Chicago,2026-10-02,2026-10-02T20:00:00Z,2026-10-02T21:00:00Z,3 PM,4 PM,11.6,10,mph,WSW
hourly,2026-09-28T07:17:50Z,2026-09-28T08:17:50Z,78,America/Chicago,2026-10-03,2026-10-03T20:00:00Z,2026-10-03T21:00:00Z,3 PM,4 PM,8.4,17,mph,S
hourly,2026-09-28T07:17:51Z,2026-09-28T08:17:51Z,111,America/Chicago,2026-09-28,2026-09-28T11:00:00Z,2026-09-28T12:00:00Z,6 AM,7 AM,2.6,6,mph,E
hourly,2026-09-28T07:17:51Z,2026-09-28T08:17:51Z,111,America/Chicago,2026-09-29,2026-09-29T22:00:00Z,2026-09-29T23:00:00Z,5 PM,6 PM,5.6,9,mph,WSW
hourly,2026-09-28T07:17:51Z,2026-09-28T08:17:51Z,111,America/Chicago,2026-09-30,2026-09-30T21:00:00Z,2026-09-30T22:00:00Z,4 PM,5 PM,11.4,16,mph,WNW
hourly,2026-09-28T07:17:51Z,2026-09-28T08:17:51Z,111,America/Chicago,2026-10-01,2026-10-01T20:00:00Z,2026-10-01T21:00:00Z,3 PM,4 PM,11.4,22,mph,WNW
hourly,2026-09-28T07:17:51Z,2026-09-28T08:17:51Z,111,America/Chicago,2026-10-02,2026-10-02T20:00:00Z,2026-10-02T21:00:00Z,3 PM,4 PM,10.1,13,mph,SW
hourly,2026-09-28T07:17:51Z,2026-09-28T08:17:51Z,111,America/Chicago,2026-10-03,2026-10-03T20:00:00Z,2026-10-03T21:00:00Z,3 PM,4 PM,7.1,18,mph,SSW
hourly,2026-09-28T07:17:52Z,2026-09-28T08:17:52Z,98,America/Chicago,2026-09-28,2026-09-28T20:00:00Z,2026-09-28T21:00:00Z,3 PM,4 PM,5,6,mph,SE
hourly,2026-09-28T07:17:52Z,2026-09-28T08:17:52Z,98,America/Chicago,2026-09-29,2026-09-29T21:00:00Z,2026-09-29T22:00:00Z,4 PM,5 PM,16.9,23,mph,SW
hourly,2026-09-28T07:17:52Z,2026-09-28T08:17:52Z,98,America/Chicago,2026-09-30,2026-09-30T20:00:00Z,2026-09-30T21:00:00Z,3 PM,4 PM,12.1,22,mph,NW
hourly,2026-09-28T07:17:52Z,2026-09-28T08:17:52Z,98,America/Chicago,2026-10-01,2026-10-01T20:00:00Z,2026-10-01T21:00:00Z,3 PM,4 PM,13.6,15,mph,W
hourly,2026-09-28T07:17:52Z,2026-09-28T08:17:52Z,98,America/Chicago,2026-10-02,2026-10-02T19:00:00Z,2026-10-02T20:00:00Z,2 PM,3 PM,12.5,16,mph,S
hourly,2026-09-28T07:17:52Z,2026-09-28T08:17:52Z,98,America/Chicago,2026-10-03,2026-10-03T22:00:00Z,2026-10-03T23:00:00Z,5 PM,6 PM,9.9,15,mph,NW
hourly,2026-09-28T07:17:54Z,2026-09-28T08:17:54Z,162,America/Chicago,2026-09-28,2026-09-28T22:00:00Z,2026-09-28T23:00:00Z,5 PM,6 PM,5.5,5,mph,NE
hourly,2026-09-28T07:17:54Z,2026-09-28T08:17:54Z,162,America/Chicago,2026-09-29,2026-09-29T21:00:00Z,2026-09-29T22:00:00Z,4 PM,5 PM,18.1,18,mph,SW
hourly,2026-09-28T07:17:54Z,2026-09-28T08:17:54Z,162,America/Chicago,2026-09-30,2026-09-30T21:00:00Z,2026-09-30T22:00:00Z,4 PM,5 PM,13.5,18,mph,NW
hourly,2026-09-28T07:17:54Z,2026-09-28T08:17:54Z,162,America/Chicago,2026-10-01,2026-10-01T20:00:00Z,2026-10-01T21:00:00Z,3 PM,4 PM,15.1,10,mph,W
hourly,2026-09-28T07:17:54Z,2026-09-28T08:17:54Z,162,America/Chicago,2026-10-02,2026-10-02T21:00:00Z,2026-10-02T22:00:00Z,4 PM,5 PM,14.5,12,mph,S
hourly,2026-09-28T07:17:54Z,2026-09-28T08:17:54Z,162,America/Chicago,2026-10-03,2026-10-03T21:00:00Z,2026-10-03T22:00:00Z,4 PM,5 PM,11.6,13,mph,NW
hourly,2026-09-28T07:17:55Z,2026-09-28T08:17:55Z,174,America/Chicago,2026-09-28,2026-09-28T11:00:00Z,2026-09-28T12:00:00Z,6 AM,7 AM,1.7,5,mph,E
hourly,2026-09-28T07:17:55Z,2026-09-28T08:17:55Z,174,America/Chicago,2026-09-29,2026-09-29T22:00:00Z,2026-09-29T23:00:00Z,5 PM,6 PM,4.6,6,mph,SW
hourly,2026-09-28T07:17:55Z,2026-09-28T08:17:55Z,174,America/Chicago,2026-09-30,2026-09-30T20:00:00Z,2026-09-30T21:00:00Z,3 PM,4 PM,10.7,12,mph,W
hourly,2026-09-28T07:17:55Z,2026-09-28T08:17:55Z,174,America/Chicago,2026-10-01,2026-10-01T20:00:00Z,2026-10-01T21:00:00Z,3 PM,4 PM,11.5,17,mph,WNW
hourly,2026-09-28T07:17:55Z,2026-09-28T08:17:55Z,174,America/Chicago,2026-10-02,2026-10-02T20:00:00Z,2026-10-02T21:00:00Z,3 PM,4 PM,10.7,10,mph,SW
hourly,2026-09-28T07:17:55Z,2026-09-28T08:17:55Z,174,America/Chicago,2026-10-03,2026-10-03T20:00:00Z,2026-10-03T21:00:00Z,3 PM,4 PM,7.8,16,mph,S
hourly,2026-09-28T07:17:56Z,2026-09-28T08:17:56Z,142,America/Denver,2026-09-28,2026-09-28T20:00:00Z,2026-09-28T21:00:00Z,2 PM,3 PM,5.3,7,mph,S
hourly,2026-09-28T07:17:56Z,2026-09-28T08:17:56Z,142,America/Denver,2026-09-29,2026-09-29T22:00:00Z,2026-09-29T23:00:00Z,4 PM,5 PM,18.1,14,mph,W
hourly,2026-09-28T07:17:56Z,2026-09-28T08:17:56Z,142,America/Denver,2026-09-30,2026-09-30T20:00:00Z,2026-09-30T21:00:00Z,2 PM,3 PM,15.2,22,mph,NW
hourly,2026-09-28T07:17:56Z,2026-09-28T08:17:56Z,142,America/Denver,2026-10-01,2026-10-01T20:00:00Z,2026-10-01T21:00:00Z,2 PM,3 PM,15,12,mph,W
hourly,2026-09-28T07:17:56Z,2026-09-28T08:17:56Z,142,America/Denver,2026-10-02,2026-10-02T20:00:00Z,2026-10-02T21:00:00Z,2 PM,3 PM,16,16,mph,S
hourly,2026-09-28T07:17:56Z,2026-09-28T08:17:56Z,142,America/Denver,2026-10-03,2026-10-03T21:00:00Z,2026-10-03T22:00:00Z,3 PM,4 PM,13.2,15,mph,NW
hourly,2026-09-28T07:17:57Z,2026-09-28T08:17:57Z,164,America/Chicago,2026-09-28,2026-09-28T20:00:00Z,2026-09-28T21:00:00Z,3 PM,4 PM,5,6,mph,E
hourly,2026-09-28T07:17:57Z,2026-09-28T08:17:57Z,164,America/Chicago,2026-09-29,2026-09-29T21:00:00Z,2026-09-29T22:00:00Z,4 PM,5 PM,18.1,18,mph,SW
hourly,2026-09-28T07:17:57Z,2026-09-28T08:17:57Z,164,America/Chicago,2026-09-30,2026-09-30T21:00:00Z,2026-09-30T22:00:00Z,4 PM,5 PM,13.5,18,mph,NW
hourly,2026-09-28T07:17:57Z,2026-09-28T08:17:57Z,164,America/Chicago,2026-10-01,2026-10-01T20:00:00Z,2026-10-01T21:00:00Z,3 PM,4 PM,14.6,12,mph,W
hourly,2026-09-28T07:17:57Z,2026-09-28T08:17:57Z,164,America/Chicago,2026-10-02,2026-10-02T20:00:00Z,2026-10-02T21:00:00Z,3 PM,4 PM,15.1,13,mph,S
hourly,2026-09-28T07:17:57Z,2026-09-28T08:17:57Z,164,America/Chicago,2026-10-03,2026-10-03T20:00:00Z,2026-10-03T21:00:00Z,3 PM,4 PM,11.6,13,mph,NW
hourly,2026-09-28T07:17:58Z,2026-09-28T08:17:58Z,138,America/Chicago,2026-09-28,2026-09-28T22:00:00Z,2026-09-28T23:00:00Z,5 PM,6 PM,3.7,7,mph,NE
hourly,2026-09-28T07:17:58Z,2026-09-28T08:17:58Z,138,America/Chicago,2026-09-29,2026-09-29T21:00:00Z,2026-09-29T22:00:00Z,4 PM,5 PM,16.9,20,mph,SW
hourly,2026-09-28T07:17:58Z,2026-09-28T08:17:58Z,138,America/Chicago,2026-09-30,2026-09-30T21:00:00Z,2026-09-30T22:00:00Z,4 PM,5 PM,11.9,20,mph,NW
hourly,2026-09-28T07:17:58Z,2026-09-28T08:17:58Z,138,America/Chicago,2026-10-01,2026-10-01T20:00:00Z,2026-10-01T21:00:00Z,3 PM,4 PM,13.4,13,mph,W
hourly,2026-09-28T07:17:58Z,2026-09-28T08:17:58Z,138,America/Chicago,2026-10-02,2026-10-02T20:00:00Z,2026-10-02T21:00:00Z,3 PM,4 PM,13,14,mph,S
hourly,2026-09-28T07:17:58Z,2026-09-28T08:17:58Z,138,America/Chicago,2026-10-03,2026-10-03T20:00:00Z,2026-10-03T21:00:00Z,3 PM,4 PM,9.4,14,mph,NW
hourly,2026-09-28T07:17:59Z,2026-09-28T08:17:59Z,161,America/Chicago,2026-09-28,2026-09-28T11:00:00Z,2026-09-28T12:00:00Z,6 AM,7 AM,2.1,6,mph,E
hourly,2026-09-28T07:17:59Z,2026-09-28T08:17:59Z,161,America/Chicago,2026-09-29,2026-09-29T22:00:00Z,2026-09-29T23:00:00Z,5 PM,6 PM,5.8,7,mph,S
hourly,2026-09-28T07:17:59Z,2026-09-28T08:17:59Z,161,America/Chicago,2026-09-30,2026-09-30T20:00:00Z,2026-09-30T21:00:00Z,3 PM,4 PM,12.2,13,mph,W
hourly,2026-09-28T07:17:59Z,2026-09-28T08:17:59Z,161,America/Chicago,2026-10-01,2026-10-01T20:00:00Z,2026-10-01T21:00:00Z,3 PM,4 PM,13.2,21,mph,WNW
hourly,2026-09-28T07:17:59Z,2026-09-28T08:17:59Z,161,America/Chicago,2026-10-02,2026-10-02T20:00:00Z,2026-10-02T21:00:00Z,3 PM,4 PM,11.7,15,mph,SW
hourly,2026-09-28T07:17:59Z,2026-09-28T08:17:59Z,161,America/Chicago,2026-10-03,2026-10-03T20:00:00Z,2026-10-03T21:00:00Z,3 PM,4 PM,9.3,18,mph,S
hourly,2026-09-28T07:18:00Z,2026-09-28T08:18:00Z,9,America/Chicago,2026-09-28,2026-09-28T11:00:00Z,2026-09-28T12:00:00Z,6 AM,7 AM,1.7,9,mph,E
hourly,2026-09-28T07:18:00Z,2026-09-28T08:18:00Z,9,America/Chicago,2026-09-29,2026-09-29T22:00:00Z,2026-09-29T23:00:00Z,5 PM,6 PM,6.9,8,mph,SW
hourly,2026-09-28T07:18:00Z,2026-09-28T08:18:00Z,9,America/Chicago,2026-09-30,2026-09-30T21:00:00Z,2026-09-30T22:00:00Z,4 PM,5 PM,10.8,16,mph,WNW
hourly,2026-09-28T07:18:00Z,2026-09-28T08:18:00Z,9,America/Chicago,2026-10-01,2026-10-01T21:00:00Z,2026-10-01T22:00:00Z,4 PM,5 PM,11.2,15,mph,WNW
hourly,2026-09-28T07:18:00Z,2026-09-28T08:18:00Z,9,America/Chicago,2026-10-02,2026-10-02T20:00:00Z,2026-10-02T21:00:00Z,3 PM,4 PM,10.2,13,mph,S
hourly,2026-09-28T07:18:00Z,2026-09-28T08:18:00Z,9,America/Chicago,2026-10-03,2026-10-03T20:00:00Z,2026-10-03T21:00:00Z,3 PM,4 PM,6.8,14,mph,SW
hourly,2026-09-28T07:18:02Z,2026-09-28T08:18:02Z,160,America/Chicago,2026-09-28,2026-09-28T22:00:00Z,2026-09-28T23:00:00Z,5 PM,6 PM,3.7,6,mph,NE
hourly,2026-09-28T07:18:02Z,2026-09-28T08:18:02Z,160,America/Chicago,2026-09-29,2026-09-29T22:00:00Z,2026-09-29T23:00:00Z,5 PM,6 PM,17.2,18,mph,SW
hourly,2026-09-28T07:18:02Z,2026-09-28T08:18:02Z,160,America/Chicago,2026-09-30,2026-09-30T20:00:00Z,2026-09-30T21:00:00Z,3 PM,4 PM,12.8,20,mph,NW
hourly,2026-09-28T07:18:02Z,2026-09-28T08:18:02Z,160,America/Chicago,2026-10-01,2026-10-01T20:00:00Z,2026-10-01T21:00:00Z,3 PM,4 PM,13.9,14,mph,W
hourly,2026-09-28T07:18:02Z,2026-09-28T08:18:02Z,160,America/Chicago,2026-10-02,2026-10-02T20:00:00Z,2026-10-02T21:00:00Z,3 PM,4 PM,14,14,mph,S
hourly,2026-09-28T07:18:02Z,2026-09-28T08:18:02Z,160,America/Chicago,2026-10-03,2026-10-03T21:00:00Z,2026-10-03T22:00:00Z,4 PM,5 PM,10.5,13,mph,NW
hourly,2026-09-28T07:18:03Z,2026-09-28T08:18:03Z,224,America/Chicago,2026-09-28,2026-09-28T17:00:00Z,2026-09-28T18:00:00Z,12 PM,1 PM,3.5,13,mph,SE
hourly,2026-09-28T07:18:03Z,2026-09-28T08:18:03Z,224,America/Chicago,2026-09-29,2026-09-29T21:00:00Z,2026-09-29T22:00:00Z,4 PM,5 PM,11.5,12,mph,SW
hourly,2026-09-28T07:18:03Z,2026-09-28T08:18:03Z,224,America/Chicago,2026-09-30,2026-09-30T20:00:00Z,2026-09-30T21:00:00Z,3 PM,4 PM,13.4,17,mph,NW
hourly,2026-09-28T07:18:03Z,2026-09-28T08:18:03Z,224,America/Chicago,2026-10-01,2026-10-01T20:00:00Z,2026-10-01T21:00:00Z,3 PM,4 PM,13.2,14,mph,NW
hourly,2026-09-28T07:18:03Z,2026-09-28T08:18:03Z,224,America/Chicago,2026-10-02,2026-10-02T20:00:00Z,2026-10-02T21:00:00Z,3 PM,4 PM,12.9,13,mph,S
hourly,2026-09-28T07:18:03Z,2026-09-28T08:18:03Z,224,America/Chicago,2026-10-03,2026-10-03T20:00:00Z,2026-10-03T21:00:00Z,3 PM,4 PM,9.8,10,mph,W
hourly,2026-09-28T07:18:04Z,2026-09-28T08:18:04Z,159,America/Chicago,2026-09-28,2026-09-28T20:00:00Z,2026-09-28T21:00:00Z,3 PM,4 PM,3.1,7,mph,SE
hourly,2026-09-28T07:18:04Z,2026-09-28T08:18:04Z,159,America/Chicago,2026-09-29,2026-09-29T22:00:00Z,2026-09-29T23:00:00Z,5 PM,6 PM,15.1,17,mph,SW
hourly,2026-09-28T07:18:04Z,2026-09-28T08:18:04Z,159,America/Chicago,2026-09-30,2026-09-30T19:00:00Z,2026-09-30T20:00:00Z,2 PM,3 PM,10.9,18,mph,NW
hourly,2026-09-28T07:18:04Z,2026-09-28T08:18:04Z,159,America/Chicago,2026-10-01,2026-10-01T20:00:00Z,2026-10-01T21:00:00Z,3 PM,4 PM,12.9,14,mph,NW
hourly,2026-09-28T07:18:04Z,2026-09-28T08:18:04Z,159,America/Chicago,2026-10-02,2026-10-02T19:00:00Z,2026-10-02T20:00:00Z,2 PM,3 PM,12.2,14,mph,S
hourly,2026-09-28T07:18:04Z,2026-09-28T08:18:04Z,159,America/Chicago,2026-10-03,2026-10-03T20:00:00Z,2026-10-03T21:00:00Z,3 PM,4 PM,8.8,14,mph,NW
hourly,2026-09-28T07:18:05Z,2026-09-28T08:18:05Z,10,America/Denver,2026-09-28,2026-09-28T21:00:00Z,2026-09-28T22:00:00Z,3 PM,4 PM,5.7,6,mph,NW
hourly,2026-09-28T07:18:05Z,2026-09-28T08:18:05Z,10,America/Denver,2026-09-29,2026-09-29T21:00:00Z,2026-09-29T22:00:00Z,3 PM,4 PM,19.3,15,mph,W
hourly,2026-09-28T07:18:05Z,2026-09-28T08:18:05Z,10,America/Denver,2026-09-30,2026-09-30T20:00:00Z,2026-09-30T21:00:00Z,2 PM,3 PM,15,18,mph,NW
hourly,2026-09-28T07:18:05Z,2026-09-28T08:18:05Z,10,America/Denver,2026-10-01,2026-10-01T20:00:00Z,2026-10-01T21:00:00Z,2 PM,3 PM,15.8,10,mph,W
hourly,2026-09-28T07:18:05Z,2026-09-28T08:18:05Z,10,America/Denver,2026-10-02,2026-10-02T20:00:00Z,2026-10-02T21:00:00Z,2 PM,3 PM,16.9,13,mph,S
hourly,2026-09-28T07:18:05Z,2026-09-28T08:18:05Z,10,America/Denver,2026-10-03,2026-10-03T20:00:00Z,2026-10-03T21:00:00Z,2 PM,3 PM,14,14,mph,NW
hourly,2026-09-28T07:18:05Z,2026-09-28T08:18:05Z,229,America/Chicago,2026-09-28,2026-09-28T21:00:00Z,2026-09-28T22:00:00Z,4 PM,5 PM,6.1,14,mph,SSE
hourly,2026-09-28T07:18:05Z,2026-09-28T08:18:05Z,229,America/Chicago,2026-09-29,2026-09-29T22:00:00Z,2026-09-29T23:00:00Z,5 PM,6 PM,3.4,7,mph,SE
hourly,2026-09-28T07:18:05Z,2026-09-28T08:18:05Z,229,America/Chicago,2026-09-30,2026-09-30T21:00:00Z,2026-09-30T22:00:00Z,4 PM,5 PM,9,6,mph,SW
hourly,2026-09-28T07:18:05Z,2026-09-28T08:18:05Z,229,America/Chicago,2026-10-01,2026-10-01T21:00:00Z,2026-10-01T22:00:00Z,4 PM,5 PM,12.9,12,mph,NW
hourly,2026-09-28T07:18:05Z,2026-09-28T08:18:05Z,229,America/Chicago,2026-10-02,2026-10-02T20:00:00Z,2026-10-02T21:00:00Z,3 PM,4 PM,11.4,8,mph,SSW
hourly,2026-09-28T07:18:05Z,2026-09-28T08:18:05Z,229,America/Chicago,2026-10-03,2026-10-03T20:00:00Z,2026-10-03T21:00:00Z,3 PM,4 PM,8.5,15,mph,S
hourly,2026-09-28T07:18:06Z,2026-09-28T08:18:06Z,118,America/Chicago,2026-09-28,2026-09-28T20:00:00Z,2026-09-28T21:00:00Z,3 PM,4 PM,4.1,10,mph,SSE
hourly,2026-09-28T07:18:06Z,2026-09-28T08:18:06Z,118,America/Chicago,2026-09-29,2026-09-29T15:00:00Z,2026-09-29T16:00:00Z,10 AM,11 AM,1.9,10,mph,S
hourly,2026-09-28T07:18:06Z,2026-09-28T08:18:06Z,118,America/Chicago,2026-09-30,2026-09-30T20:00:00Z,2026-09-30T21:00:00Z,3 PM,4 PM,4.6,5,mph,SW
hourly,2026-09-28T07:18:06Z,2026-09-28T08:18:06Z,118,America/Chicago,2026-10-01,2026-10-01T20:00:00Z,2026-10-01T21:00:00Z,3 PM,4 PM,9.8,15,mph,NW
hourly,2026-09-28T07:18:06Z,2026-09-28T08:18:06Z,118,America/Chicago,2026-10-02,2026-10-02T20:00:00Z,2026-10-02T21:00:00Z,3 PM,4 PM,9.8,5,mph,WNW
hourly,2026-09-28T07:18:06Z,2026-09-28T08:18:06Z,118,America/Chicago,2026-10-03,2026-10-03T20:00:00Z,2026-10-03T21:00:00Z,3 PM,4 PM,6.9,10,mph,S
hourly,2026-09-28T07:18:08Z,2026-09-28T08:18:08Z,244,America/Chicago,2026-09-28,2026-09-28T11:00:00Z,2026-09-28T12:00:00Z,6 AM,7 AM,2.8,10,mph,E
hourly,2026-09-28T07:18:08Z,2026-09-28T08:18:08Z,244,America/Chicago,2026-09-29,2026-09-29T21:00:00Z,2026-09-29T22:00:00Z,4 PM,5 PM,9.7,12,mph,SW
hourly,2026-09-28T07:18:08Z,2026-09-28T08:18:08Z,244,America/Chicago,2026-09-30,2026-09-30T21:00:00Z,2026-09-30T22:00:00Z,4 PM,5 PM,12,17,mph,NW
hourly,2026-09-28T07:18:08Z,2026-09-28T08:18:08Z,244,America/Chicago,2026-10-01,2026-10-01T21:00:00Z,2026-10-01T22:00:00Z,4 PM,5 PM,13.4,12,mph,NW
hourly,2026-09-28T07:18:08Z,2026-09-28T08:18:08Z,244,America/Chicago,2026-10-02,2026-10-02T21:00:00Z,2026-10-02T22:00:00Z,4 PM,5 PM,12.5,14,mph,S
hourly,2026-09-28T07:18:08Z,2026-09-28T08:18:08Z,244,America/Chicago,2026-10-03,2026-10-03T21:00:00Z,2026-10-03T22:00:00Z,4 PM,5 PM,9.8,13,mph,NW
hourly,2026-09-28T07:18:10Z,2026-09-28T08:18:10Z,56,America/Chicago,2026-09-28,2026-09-28T11:00:00Z,2026-09-28T12:00:00Z,6 AM,7 AM,2.1,9,mph,E
hourly,2026-09-28T07:18:10Z,2026-09-28T08:18:10Z,56,America/Chicago,2026-09-29,2026-09-29T22:00:00Z,2026-09-29T23:00:00Z,5 PM,6 PM,12.8,15,mph,SW
hourly,2026-09-28T07:18:10Z,2026-09-28T08:18:10Z,56,America/Chicago,2026-09-30,2026-09-30T20:00:00Z,2026-09-30T21:00:00Z,3 PM,4 PM,11.9,18,mph,NW
hourly,2026-09-28T07:18:10Z,2026-09-28T08:18:10Z,56,America/Chicago,2026-10-01,2026-10-01T20:00:00Z,2026-10-01T21:00:00Z,3 PM,4 PM,12.7,13,mph,W
hourly,2026-09-28T07:18:10Z,2026-09-28T08:18:10Z,56,America/Chicago,2026-10-02,2026-10-02T20:00:00Z,2026-10-02T21:00:00Z,3 PM,4 PM,12.4,13,mph,S
hourly,2026-09-28T07:18:10Z,2026-09-28T08:18:10Z,56,America/Chicago,2026-10-03,2026-10-03T20:00:00Z,2026-10-03T21:00:00Z,3 PM,4 PM,8.9,12,mph,NW
hourly,2026-09-28T07:18:11Z,2026-09-28T08:18:11Z,165,America/Chicago,2026-09-28,2026-09-28T21:00:00Z,2026-09-28T22:00:00Z,4 PM,5 PM,3.1,6,mph,E
hourly,2026-09-28T07:18:11Z,2026-09-28T08:18:11Z,165,America/Chicago,2026-09-29,2026-09-29T22:00:00Z,2026-09-29T23:00:00Z,5 PM,6 PM,15.7,16,mph,SW
hourly,2026-09-28T07:18:11Z,2026-09-28T08:18:11Z,165,America/Chicago,2026-09-30,2026-09-30T21:00:00Z,2026-09-30T22:00:00Z,4 PM,5 PM,13,21,mph,NW
hourly,2026-09-28T07:18:11Z,2026-09-28T08:18:11Z,165,America/Chicago,2026-10-01,2026-10-01T20:00:00Z,2026-10-01T21:00:00Z,3 PM,4 PM,13.6,14,mph,W
hourly,2026-09-28T07:18:11Z,2026-09-28T08:18:11Z,165,America/Chicago,2026-10-02,2026-10-02T21:00:00Z,2026-10-02T22:00:00Z,4 PM,5 PM,13.7,16,mph,SE
hourly,2026-09-28T07:18:11Z,2026-09-28T08:18:11Z,165,America/Chicago,2026-10-03,2026-10-03T21:00:00Z,2026-10-03T22:00:00Z,4 PM,5 PM,10.9,14,mph,NW
hourly,2026-09-28T07:18:12Z,2026-09-28T08:18:12Z,12,America/Chicago,2026-09-28,2026-09-28T19:00:00Z,2026-09-28T20:00:00Z,2 PM,3 PM,3.6,10,mph,SE
hourly,2026-09-28T07:18:12Z,2026-09-28T08:18:12Z,12,America/Chicago,2026-09-29,2026-09-29T22:00:00Z,2026-09-29T23:00:00Z,5 PM,6 PM,11.4,13,mph,S
hourly,2026-09-28T07:18:12Z,2026-09-28T08:18:12Z,12,America/Chicago,2026-09-30,2026-09-30T20:00:00Z,2026-09-30T21:00:00Z,3 PM,4 PM,12.2,16,mph,NW
hourly,2026-09-28T07:18:12Z,2026-09-28T08:18:12Z,12,America/Chicago,2026-10-01,2026-10-01T20:00:00Z,2026-10-01T21:00:00Z,3 PM,4 PM,12.3,14,mph,W
hourly,2026-09-28T07:18:12Z,2026-09-28T08:18:12Z,12,America/Chicago,2026-10-02,2026-10-02T20:00:00Z,2026-10-02T21:00:00Z,3 PM,4 PM,12.2,12,mph,S
hourly,2026-09-28T07:18:12Z,2026-09-28T08:18:12Z,12,America/Chicago,2026-10-03,2026-10-03T20:00:00Z,2026-10-03T21:00:00Z,3 PM,4 PM,8.8,12,mph,W
hourly,2026-09-28T07:18:13Z,2026-09-28T08:18:13Z,58,America/Chicago,2026-09-28,2026-09-28T19:00:00Z,2026-09-28T20:00:00Z,2 PM,3 PM,3.7,8,mph,SE
hourly,2026-09-28T07:18:13Z,2026-09-28T08:18:13Z,58,America/Chicago,2026-09-29,2026-09-29T22:00:00Z,2026-09-29T23:00:00Z,5 PM,6 PM,14.1,17,mph,SW
hourly,2026-09-28T07:18:13Z,2026-09-28T08:18:13Z,58,America/Chicago,2026-09-30,2026-09-30T19:00:00Z,2026-09-30T20:00:00Z,2 PM,3 PM,11.9,18,mph,NW
hourly,2026-09-28T07:18:13Z,2026-09-28T08:18:13Z,58,America/Chicago,2026-10-01,2026-10-01T20:00:00Z,2026-10-01T21:00:00Z,3 PM,4 PM,12.2,15,mph,NW
hourly,2026-09-28T07:18:13Z,2026-09-28T08:18:13Z,58,America/Chicago,2026-10-02,2026-10-02T19:00:00Z,2026-10-02T20:00:00Z,2 PM,3 PM,12.3,13,mph,S
hourly,2026-09-28T07:18:13Z,2026-09-28T08:18:13Z,58,America/Chicago,2026-10-03,2026-10-03T20:00:00Z,2026-10-03T21:00:00Z,3 PM,4 PM,8.9,13,mph,NW
hourly,2026-09-28T07:18:14Z,2026-09-28T08:18:14Z,13,America/Denver,2026-09-28,2026-09-28T21:00:00Z,2026-09-28T22:00:00Z,3 PM,4 PM,6.7,8,mph,W
hourly,2026-09-28T07:18:14Z,2026-09-28T08:18:14Z,13,America/Denver,2026-09-29,2026-09-29T21:00:00Z,2026-09-29T22:00:00Z,3 PM,4 PM,19.3,15,mph,W
hourly,2026-09-28T07:18:14Z,2026-09-28T08:18:14Z,13,America/Denver,2026-09-30,2026-09-30T20:00:00Z,2026-09-30T21:00:00Z,2 PM,3 PM,15.8,24,mph,NW
hourly,2026-09-28T07:18:14Z,2026-09-28T08:18:14Z,13,America/Denver,2026-10-01,2026-10-01T20:00:00Z,2026-10-01T21:00:00Z,2 PM,3 PM,15.1,13,mph,W
hourly,2026-09-28T07:18:14Z,2026-09-28T08:18:14Z,13,America/Denver,2026-10-02,2026-10-02T20:00:00Z,2026-10-02T21:00:00Z,2 PM,3 PM,16.6,17,mph,S
hourly,2026-09-28T07:18:14Z,2026-09-28T08:18:14Z,13,America/Denver,2026-10-03,2026-10-03T20:00:00Z,2026-10-03T21:00:00Z,2 PM,3 PM,13.7,17,mph,NW
hourly,2026-09-28T07:18:15Z,2026-09-28T08:18:15Z,84,America/Chicago,2026-09-28,2026-09-28T19:00:00Z,2026-09-28T20:00:00Z,2 PM,3 PM,4.8,17,mph,S
hourly,2026-09-28T07:18:15Z,2026-09-28T08:18:15Z,84,America/Chicago,2026-09-29,2026-09-29T22:00:00Z,2026-09-29T23:00:00Z,5 PM,6 PM,4,6,mph,ENE
hourly,2026-09-28T07:18:15Z,2026-09-28T08:18:15Z,84,America/Chicago,2026-09-30,2026-09-30T21:00:00Z,2026-09-30T22:00:00Z,4 PM,5 PM,10.1,9,mph,W
hourly,2026-09-28T07:18:15Z,2026-09-28T08:18:15Z,84,America/Chicago,2026-10-01,2026-10-01T19:00:00Z,2026-10-01T20:00:00Z,2 PM,3 PM,12.5,14,mph,NW
hourly,2026-09-28T07:18:15Z,2026-09-28T08:18:15Z,84,America/Chicago,2026-10-02,2026-10-02T20:00:00Z,2026-10-02T21:00:00Z,3 PM,4 PM,11.9,13,mph,SSW
hourly,2026-09-28T07:18:15Z,2026-09-28T08:18:15Z,84,America/Chicago,2026-10-03,2026-10-03T20:00:00Z,2026-10-03T21:00:00Z,3 PM,4 PM,9,16,mph,SSW
hourly,2026-09-28T07:18:16Z,2026-09-28T08:18:16Z,218,America/Chicago,2026-09-28,2026-09-28T11:00:00Z,2026-09-28T12:00:00Z,6 AM,7 AM,3.4,12,mph,E
hourly,2026-09-28T07:18:16Z,2026-09-28T08:18:16Z,218,America/Chicago,2026-09-29,2026-09-29T21:00:00Z,2026-09-29T22:00:00Z,4 PM,5 PM,5.7,7,mph,W
hourly,2026-09-28T07:18:16Z,2026-09-28T08:18:16Z,218,America/Chicago,2026-09-30,2026-09-30T21:00:00Z,2026-09-30T22:00:00Z,4 PM,5 PM,10.4,15,mph,NW
hourly,2026-09-28T07:18:16Z,2026-09-28T08:18:16Z,218,America/Chicago,2026-10-01,2026-10-01T20:00:00Z,2026-10-01T21:00:00Z,3 PM,4 PM,11.6,15,mph,NW
hourly,2026-09-28T07:18:16Z,2026-09-28T08:18:16Z,218,America/Chicago,2026-10-02,2026-10-02T20:00:00Z,2026-10-02T21:00:00Z,3 PM,4 PM,10.9,14,mph,S
hourly,2026-09-28T07:18:16Z,2026-09-28T08:18:16Z,218,America/Chicago,2026-10-03,2026-10-03T20:00:00Z,2026-10-03T21:00:00Z,3 PM,4 PM,7.9,14,mph,SW
hourly,2026-09-28T07:18:17Z,2026-09-28T08:18:17Z,179,America/Chicago,2026-09-28,2026-09-28T11:00:00Z,2026-09-28T12:00:00Z,6 AM,7 AM,2.6,10,mph,E
hourly,2026-09-28T07:18:17Z,2026-09-28T08:18:17Z,179,America/Chicago,2026-09-29,2026-09-29T21:00:00Z,2026-09-29T22:00:00Z,4 PM,5 PM,6.3,10,mph,WSW
hourly,2026-09-28T07:18:17Z,2026-09-28T08:18:17Z,179,America/Chicago,2026-09-30,2026-09-30T20:00:00Z,2026-09-30T21:00:00Z,3 PM,4 PM,12,18,mph,WNW
hourly,2026-09-28T07:18:17Z,2026-09-28T08:18:17Z,179,America/Chicago,2026-10-01,2026-10-01T20:00:00Z,2026-10-01T21:00:00Z,3 PM,4 PM,12.5,21,mph,WNW
hourly,2026-09-28T07:18:17Z,2026-09-28T08:18:17Z,179,America/Chicago,2026-10-02,2026-10-02T20:00:00Z,2026-10-02T21:00:00Z,3 PM,4 PM,10.9,15,mph,SW
hourly,2026-09-28T07:18:17Z,2026-09-28T08:18:17Z,179,America/Chicago,2026-10-03,2026-10-03T20:00:00Z,2026-10-03T21:00:00Z,3 PM,4 PM,8.8,20,mph,SSW
hourly,2026-09-28T07:18:18Z,2026-09-28T08:18:18Z,7,America/Denver,2026-09-28,2026-09-28T22:00:00Z,2026-09-28T23:00:00Z,4 PM,5 PM,6.5,5,mph,NE
hourly,2026-09-28T07:18:18Z,2026-09-28T08:18:18Z,7,America/Denver,2026-09-29,2026-09-29T22:00:00Z,2026-09-29T23:00:00Z,4 PM,5 PM,19.7,16,mph,WSW
hourly,2026-09-28T07:18:18Z,2026-09-28T08:18:18Z,7,America/Denver,2026-09-30,2026-09-30T21:00:00Z,2026-09-30T22:00:00Z,3 PM,4 PM,13.5,16,mph,NW
hourly,2026-09-28T07:18:18Z,2026-09-28T08:18:18Z,7,America/Denver,2026-10-01,2026-10-01T20:00:00Z,2026-10-01T21:00:00Z,2 PM,3 PM,15.1,9,mph,W
hourly,2026-09-28T07:18:18Z,2026-09-28T08:18:18Z,7,America/Denver,2026-10-02,2026-10-02T21:00:00Z,2026-10-02T22:00:00Z,3 PM,4 PM,15,10,mph,SSE
hourly,2026-09-28T07:18:18Z,2026-09-28T08:18:18Z,7,America/Denver,2026-10-03,2026-10-03T21:00:00Z,2026-10-03T22:00:00Z,3 PM,4 PM,11.6,12,mph,NW
hourly,2026-09-28T07:18:18Z,2026-09-28T08:18:18Z,186,America/Chicago,2026-09-28,2026-09-28T21:00:00Z,2026-09-28T22:00:00Z,4 PM,5 PM,6.7,5,mph,E
hourly,2026-09-28T07:18:18Z,2026-09-28T08:18:18Z,186,America/Chicago,2026-09-29,2026-09-29T22:00:00Z,2026-09-29T23:00:00Z,5 PM,6 PM,19.3,16,mph,W
hourly,2026-09-28T07:18:18Z,2026-09-28T08:18:18Z,186,America/Chicago,2026-09-30,2026-09-30T21:00:00Z,2026-09-30T22:00:00Z,4 PM,5 PM,14,17,mph,NW
hourly,2026-09-28T07:18:18Z,2026-09-28T08:18:18Z,186,America/Chicago,2026-10-01,2026-10-01T20:00:00Z,2026-10-01T21:00:00Z,3 PM,4 PM,15.6,9,mph,W
hourly,2026-09-28T07:18:18Z,2026-09-28T08:18:18Z,186,America/Chicago,2026-10-02,2026-10-02T20:00:00Z,2026-10-02T21:00:00Z,3 PM,4 PM,14.4,10,mph,S
hourly,2026-09-28T07:18:18Z,2026-09-28T08:18:18Z,186,America/Chicago,2026-10-03,2026-10-03T20:00:00Z,2026-10-03T21:00:00Z,3 PM,4 PM,11.6,12,mph,NW
hourly,2026-09-28T07:18:19Z,2026-09-28T08:18:19Z,87,America/Chicago,2026-09-28,2026-09-28T19:00:00Z,2026-09-28T20:00:00Z,2 PM,3 PM,4.7,16,mph,SSE
hourly,2026-09-28T07:18:19Z,2026-09-28T08:18:19Z,87,America/Chicago,2026-09-29,2026-09-29T22:00:00Z,2026-09-29T23:00:00Z,5 PM,6 PM,2.7,6,mph,SSE
hourly,2026-09-28T07:18:19Z,2026-09-28T08:18:19Z,87,America/Chicago,2026-09-30,2026-09-30T21:00:00Z,2026-09-30T22:00:00Z,4 PM,5 PM,10.7,6,mph,SW
hourly,2026-09-28T07:18:19Z,2026-09-28T08:18:19Z,87,America/Chicago,2026-10-01,2026-10-01T20:00:00Z,2026-10-01T21:00:00Z,3 PM,4 PM,14.1,14,mph,NW
hourly,2026-09-28T07:18:19Z,2026-09-28T08:18:19Z,87,America/Chicago,2026-10-02,2026-10-02T20:00:00Z,2026-10-02T21:00:00Z,3 PM,4 PM,13.6,8,mph,WSW
hourly,2026-09-28T07:18:19Z,2026-09-28T08:18:19Z,87,America/Chicago,2026-10-03,2026-10-03T20:00:00Z,2026-10-03T21:00:00Z,3 PM,4 PM,9.9,16,mph,S
hourly,2026-09-28T07:18:20Z,2026-09-28T08:18:20Z,14,America/Chicago,2026-09-28,2026-09-28T20:00:00Z,2026-09-28T21:00:00Z,3 PM,4 PM,10.8,12,mph,ESE
hourly,2026-09-28T07:18:20Z,2026-09-28T08:18:20Z,14,America/Chicago,2026-09-29,2026-09-29T21:00:00Z,2026-09-29T22:00:00Z,4 PM,5 PM,15.5,10,mph,SW
hourly,2026-09-28T07:18:20Z,2026-09-28T08:18:20Z,14,America/Chicago,2026-09-30,2026-09-30T20:00:00Z,2026-09-30T21:00:00Z,3 PM,4 PM,21.2,16,mph,NW
hourly,2026-09-28T07:18:20Z,2026-09-28T08:18:20Z,14,America/Chicago,2026-10-01,2026-10-01T21:00:00Z,2026-10-01T22:00:00Z,4 PM,5 PM,18.3,15,mph,WNW
hourly,2026-09-28T07:18:20Z,2026-09-28T08:18:20Z,14,America/Chicago,2026-10-02,2026-10-02T20:00:00Z,2026-10-02T21:00:00Z,3 PM,4 PM,19.3,13,mph,SSW
hourly,2026-09-28T07:18:20Z,2026-09-28T08:18:20Z,14,America/Chicago,2026-10-03,2026-10-03T20:00:00Z,2026-10-03T21:00:00Z,3 PM,4 PM,17.8,15,mph,SSW
hourly,2026-09-28T07:18:21Z,2026-09-28T08:18:21Z,15,America/Chicago,2026-09-28,2026-09-28T11:00:00Z,2026-09-28T12:00:00Z,6 AM,7 AM,3.9,12,mph,SE
hourly,2026-09-28T07:18:21Z,2026-09-28T08:18:21Z,15,America/Chicago,2026-09-29,2026-09-29T21:00:00Z,2026-09-29T22:00:00Z,4 PM,5 PM,5.7,7,mph,W
hourly,2026-09-28T07:18:21Z,2026-09-28T08:18:21Z,15,America/Chicago,2026-09-30,2026-09-30T20:00:00Z,2026-09-30T21:00:00Z,3 PM,4 PM,10.6,16,mph,NW
hourly,2026-09-28T07:18:21Z,2026-09-28T08:18:21Z,15,America/Chicago,2026-10-01,2026-10-01T20:00:00Z,2026-10-01T21:00:00Z,3 PM,4 PM,11.6,17,mph,NW
hourly,2026-09-28T07:18:21Z,2026-09-28T08:18:21Z,15,America/Chicago,2026-10-02,2026-10-02T20:00:00Z,2026-10-02T21:00:00Z,3 PM,4 PM,11.3,15,mph,S
hourly,2026-09-28T07:18:21Z,2026-09-28T08:18:21Z,15,America/Chicago,2026-10-03,2026-10-03T20:00:00Z,2026-10-03T21:00:00Z,3 PM,4 PM,8.3,15,mph,SW
hourly,2026-09-28T07:18:22Z,2026-09-28T08:18:22Z,96,America/Denver,2026-09-28,2026-09-28T13:00:00Z,2026-09-28T14:00:00Z,7 AM,8 AM,1.8,12,mph,SE
hourly,2026-09-28T07:18:22Z,2026-09-28T08:18:22Z,96,America/Denver,2026-09-29,2026-09-29T21:00:00Z,2026-09-29T22:00:00Z,3 PM,4 PM,9.4,7,mph,W
hourly,2026-09-28T07:18:22Z,2026-09-28T08:18:22Z,96,America/Denver,2026-09-30,2026-09-30T21:00:00Z,2026-09-30T22:00:00Z,3 PM,4 PM,11.8,18,mph,NW
hourly,2026-09-28T07:18:22Z,2026-09-28T08:18:22Z,96,America/Denver,2026-10-01,2026-10-01T21:00:00Z,2026-10-01T22:00:00Z,3 PM,4 PM,12.2,10,mph,NW
hourly,2026-09-28T07:18:22Z,2026-09-28T08:18:22Z,96,America/Denver,2026-10-02,2026-10-02T21:00:00Z,2026-10-02T22:00:00Z,3 PM,4 PM,11,16,mph,S
hourly,2026-09-28T07:18:22Z,2026-09-28T08:18:22Z,96,America/Denver,2026-10-03,2026-10-03T23:00:00Z,2026-10-04T00:00:00Z,5 PM,6 PM,9.1,9,mph,NW
hourly,2026-09-28T07:18:23Z,2026-09-28T08:18:23Z,191,America/Chicago,2026-09-28,2026-09-28T19:00:00Z,2026-09-28T20:00:00Z,2 PM,3 PM,2.6,16,mph,SSE
hourly,2026-09-28T07:18:23Z,2026-09-28T08:18:23Z,191,America/Chicago,2026-09-29,2026-09-29T22:00:00Z,2026-09-29T23:00:00Z,5 PM,6 PM,5.9,7,mph,S
hourly,2026-09-28T07:18:23Z,2026-09-28T08:18:23Z,191,America/Chicago,2026-09-30,2026-09-30T21:00:00Z,2026-09-30T22:00:00Z,4 PM,5 PM,12.6,12,mph,W
hourly,2026-09-28T07:18:23Z,2026-09-28T08:18:23Z,191,America/Chicago,2026-10-01,2026-10-01T20:00:00Z,2026-10-01T21:00:00Z,3 PM,4 PM,13.6,20,mph,NW
hourly,2026-09-28T07:18:23Z,2026-09-28T08:18:23Z,191,America/Chicago,2026-10-02,2026-10-02T19:00:00Z,2026-10-02T20:00:00Z,2 PM,3 PM,13.1,13,mph,WSW
hourly,2026-09-28T07:18:23Z,2026-09-28T08:18:23Z,191,America/Chicago,2026-10-03,2026-10-03T20:00:00Z,2026-10-03T21:00:00Z,3 PM,4 PM,9.8,18,mph,S
hourly,2026-09-28T07:18:25Z,2026-09-28T08:18:25Z,16,America/Chicago,2026-09-28,2026-09-28T12:00:00Z,2026-09-28T13:00:00Z,7 AM,8 AM,1.6,2,mph,SSE
hourly,2026-09-28T07:18:25Z,2026-09-28T08:18:25Z,16,America/Chicago,2026-09-29,2026-09-29T22:00:00Z,2026-09-29T23:00:00Z,5 PM,6 PM,6.5,7,mph,SSW
hourly,2026-09-28T07:18:25Z,2026-09-28T08:18:25Z,16,America/Chicago,2026-09-30,2026-09-30T21:00:00Z,2026-09-30T22:00:00Z,4 PM,5 PM,12.4,13,mph,NW
hourly,2026-09-28T07:18:25Z,2026-09-28T08:18:25Z,16,America/Chicago,2026-10-01,2026-10-01T20:00:00Z,2026-10-01T21:00:00Z,3 PM,4 PM,12.6,16,mph,WNW
hourly,2026-09-28T07:18:25Z,2026-09-28T08:18:25Z,16,America/Chicago,2026-10-02,2026-10-02T20:00:00Z,2026-10-02T21:00:00Z,3 PM,4 PM,11.7,9,mph,WSW
hourly,2026-09-28T07:18:25Z,2026-09-28T08:18:25Z,16,America/Chicago,2026-10-03,2026-10-03T20:00:00Z,2026-10-03T21:00:00Z,3 PM,4 PM,8.6,14,mph,S
hourly,2026-09-28T07:18:25Z,2026-09-28T08:18:25Z,210,America/Denver,2026-09-28,2026-09-28T20:00:00Z,2026-09-28T21:00:00Z,2 PM,3 PM,5.2,6,mph,S
hourly,2026-09-28T07:18:25Z,2026-09-28T08:18:25Z,210,America/Denver,2026-09-29,2026-09-29T22:00:00Z,2026-09-29T23:00:00Z,4 PM,5 PM,17.1,10,mph,W
hourly,2026-09-28T07:18:25Z,2026-09-28T08:18:25Z,210,America/Denver,2026-09-30,2026-09-30T20:00:00Z,2026-09-30T21:00:00Z,2 PM,3 PM,15.2,21,mph,NW
hourly,2026-09-28T07:18:25Z,2026-09-28T08:18:25Z,210,America/Denver,2026-10-01,2026-10-01T20:00:00Z,2026-10-01T21:00:00Z,2 PM,3 PM,14.8,10,mph,W
hourly,2026-09-28T07:18:25Z,2026-09-28T08:18:25Z,210,America/Denver,2026-10-02,2026-10-02T20:00:00Z,2026-10-02T21:00:00Z,2 PM,3 PM,15.2,15,mph,S
hourly,2026-09-28T07:18:25Z,2026-09-28T08:18:25Z,210,America/Denver,2026-10-03,2026-10-03T22:00:00Z,2026-10-03T23:00:00Z,4 PM,5 PM,13.2,14,mph,NW
hourly,2026-09-28T07:18:26Z,2026-09-28T08:18:26Z,201,America/North_Dakota/Center,2026-09-28,2026-09-28T11:00:00Z,2026-09-28T12:00:00Z,6 AM,7 AM,2.2,9,mph,E
hourly,2026-09-28T07:18:26Z,2026-09-28T08:18:26Z,201,America/North_Dakota/Center,2026-09-29,2026-09-29T22:00:00Z,2026-09-29T23:00:00Z,5 PM,6 PM,11.6,7,mph,SW
hourly,2026-09-28T07:18:26Z,2026-09-28T08:18:26Z,201,America/North_Dakota/Center,2026-09-30,2026-09-30T21:00:00Z,2026-09-30T22:00:00Z,4 PM,5 PM,12.6,15,mph,NW
hourly,2026-09-28T07:18:26Z,2026-09-28T08:18:26Z,201,America/North_Dakota/Center,2026-10-01,2026-10-01T20:00:00Z,2026-10-01T21:00:00Z,3 PM,4 PM,13.6,10,mph,NW
hourly,2026-09-28T07:18:26Z,2026-09-28T08:18:26Z,201,America/North_Dakota/Center,2026-10-02,2026-10-02T20:00:00Z,2026-10-02T21:00:00Z,3 PM,4 PM,12.2,13,mph,S
hourly,2026-09-28T07:18:26Z,2026-09-28T08:18:26Z,201,America/North_Dakota/Center,2026-10-03,2026-10-03T21:00:00Z,2026-10-03T22:00:00Z,4 PM,5 PM,10.6,10,mph,W
hourly,2026-09-28T07:18:27Z,2026-09-28T08:18:27Z,137,America/Chicago,2026-09-28,2026-09-28T21:00:00Z,2026-09-28T22:00:00Z,4 PM,5 PM,5.5,6,mph,NE
hourly,2026-09-28T07:18:27Z,2026-09-28T08:18:27Z,137,America/Chicago,2026-09-29,2026-09-29T22:00:00Z,2026-09-29T23:00:00Z,5 PM,6 PM,18.5,17,mph,SW
hourly,2026-09-28T07:18:27Z,2026-09-28T08:18:27Z,137,America/Chicago,2026-09-30,2026-09-30T21:00:00Z,2026-09-30T22:00:00Z,4 PM,5 PM,13.3,18,mph,NW
hourly,2026-09-28T07:18:27Z,2026-09-28T08:18:27Z,137,America/Chicago,2026-10-01,2026-10-01T20:00:00Z,2026-10-01T21:00:00Z,3 PM,4 PM,14.6,12,mph,W
hourly,2026-09-28T07:18:27Z,2026-09-28T08:18:27Z,137,America/Chicago,2026-10-02,2026-10-02T20:00:00Z,2026-10-02T21:00:00Z,3 PM,4 PM,14,13,mph,S
hourly,2026-09-28T07:18:27Z,2026-09-28T08:18:27Z,137,America/Chicago,2026-10-03,2026-10-03T20:00:00Z,2026-10-03T21:00:00Z,3 PM,4 PM,11,13,mph,NW
hourly,2026-09-28T07:18:28Z,2026-09-28T08:18:28Z,124,America/Chicago,2026-09-28,2026-09-28T20:00:00Z,2026-09-28T21:00:00Z,3 PM,4 PM,4,10,mph,SSE
hourly,2026-09-28T07:18:28Z,2026-09-28T08:18:28Z,124,America/Chicago,2026-09-29,2026-09-29T21:00:00Z,2026-09-29T22:00:00Z,4 PM,5 PM,1.4,10,mph,S
hourly,2026-09-28T07:18:28Z,2026-09-28T08:18:28Z,124,America/Chicago,2026-09-30,2026-09-30T21:00:00Z,2026-09-30T22:00:00Z,4 PM,5 PM,7.1,5,mph,WSW
hourly,2026-09-28T07:18:28Z,2026-09-28T08:18:28Z,124,America/Chicago,2026-10-01,2026-10-01T19:00:00Z,2026-10-01T20:00:00Z,2 PM,3 PM,10,15,mph,NW
hourly,2026-09-28T07:18:28Z,2026-09-28T08:18:28Z,124,America/Chicago,2026-10-02,2026-10-02T19:00:00Z,2026-10-02T20:00:00Z,2 PM,3 PM,10,5,mph,W
hourly,2026-09-28T07:18:28Z,2026-09-28T08:18:28Z,124,America/Chicago,2026-10-03,2026-10-03T20:00:00Z,2026-10-03T21:00:00Z,3 PM,4 PM,6.8,15,mph,S
hourly,2026-09-28T07:18:29Z,2026-09-28T08:18:29Z,143,America/Chicago,2026-09-28,2026-09-28T12:00:00Z,2026-09-28T13:00:00Z,7 AM,8 AM,2.5,9,mph,ESE
hourly,2026-09-28T07:18:29Z,2026-09-28T08:18:29Z,143,America/Chicago,2026-09-29,2026-09-29T22:00:00Z,2026-09-29T23:00:00Z,5 PM,6 PM,8.1,12,mph,SW
hourly,2026-09-28T07:18:29Z,2026-09-28T08:18:29Z,143,America/Chicago,2026-09-30,2026-09-30T21:00:00Z,2026-09-30T22:00:00Z,4 PM,5 PM,12.7,17,mph,NW
hourly,2026-09-28T07:18:29Z,2026-09-28T08:18:29Z,143,America/Chicago,2026-10-01,2026-10-01T20:00:00Z,2026-10-01T21:00:00Z,3 PM,4 PM,11.9,18,mph,WNW
hourly,2026-09-28T07:18:29Z,2026-09-28T08:18:29Z,143,America/Chicago,2026-10-02,2026-10-02T20:00:00Z,2026-10-02T21:00:00Z,3 PM,4 PM,11.6,14,mph,SW
hourly,2026-09-28T07:18:29Z,2026-09-28T08:18:29Z,143,America/Chicago,2026-10-03,2026-10-03T22:00:00Z,2026-10-03T23:00:00Z,5 PM,6 PM,9.2,14,mph,SW
hourly,2026-09-28T07:18:30Z,2026-09-28T08:18:30Z,246,America/Chicago,2026-09-28,2026-09-28T20:00:00Z,2026-09-28T21:00:00Z,3 PM,4 PM,5.3,5,mph,SSE
hourly,2026-09-28T07:18:30Z,2026-09-28T08:18:30Z,246,America/Chicago,2026-09-29,2026-09-29T16:00:00Z,2026-09-29T17:00:00Z,11 AM,12 PM,3.8,10,mph,S
hourly,2026-09-28T07:18:30Z,2026-09-28T08:18:30Z,246,America/Chicago,2026-09-30,2026-09-30T20:00:00Z,2026-09-30T21:00:00Z,3 PM,4 PM,4.1,5,mph,SSW
hourly,2026-09-28T07:18:30Z,2026-09-28T08:18:30Z,246,America/Chicago,2026-10-01,2026-10-01T19:00:00Z,2026-10-01T20:00:00Z,2 PM,3 PM,9.9,10,mph,NNW
hourly,2026-09-28T07:18:30Z,2026-09-28T08:18:30Z,246,America/Chicago,2026-10-02,2026-10-02T20:00:00Z,2026-10-02T21:00:00Z,3 PM,4 PM,9.9,5,mph,NW
hourly,2026-09-28T07:18:30Z,2026-09-28T08:18:30Z,246,America/Chicago,2026-10-03,2026-10-03T20:00:00Z,2026-10-03T21:00:00Z,3 PM,4 PM,7.6,10,mph,S
hourly,2026-09-28T07:18:31Z,2026-09-28T08:18:31Z,241,America/Chicago,2026-09-28,2026-09-28T19:00:00Z,2026-09-28T20:00:00Z,2 PM,3 PM,3.1,8,mph,SE
hourly,2026-09-28T07:18:31Z,2026-09-28T08:18:31Z,241,America/Chicago,2026-09-29,2026-09-29T22:00:00Z,2026-09-29T23:00:00Z,5 PM,6 PM,14.6,17,mph,SW
hourly,2026-09-28T07:18:31Z,2026-09-28T08:18:31Z,241,America/Chicago,2026-09-30,2026-09-30T19:00:00Z,2026-09-30T20:00:00Z,2 PM,3 PM,10.9,18,mph,NW
hourly,2026-09-28T07:18:31Z,2026-09-28T08:18:31Z,241,America/Chicago,2026-10-01,2026-10-01T20:00:00Z,2026-10-01T21:00:00Z,3 PM,4 PM,12,14,mph,NW
hourly,2026-09-28T07:18:31Z,2026-09-28T08:18:31Z,241,America/Chicago,2026-10-02,2026-10-02T19:00:00Z,2026-10-02T20:00:00Z,2 PM,3 PM,11.8,14,mph,S
hourly,2026-09-28T07:18:31Z,2026-09-28T08:18:31Z,241,America/Chicago,2026-10-03,2026-10-03T19:00:00Z,2026-10-03T20:00:00Z,2 PM,3 PM,8.2,13,mph,NW
hourly,2026-09-28T07:18:33Z,2026-09-28T08:18:33Z,85,America/Chicago,2026-09-28,2026-09-28T11:00:00Z,2026-09-28T12:00:00Z,6 AM,7 AM,2.2,9,mph,E
hourly,2026-09-28T07:18:33Z,2026-09-28T08:18:33Z,85,America/Chicago,2026-09-29,2026-09-29T22:00:00Z,2026-09-29T23:00:00Z,5 PM,6 PM,3.9,8,mph,WSW
hourly,2026-09-28T07:18:33Z,2026-09-28T08:18:33Z,85,America/Chicago,2026-09-30,2026-09-30T20:00:00Z,2026-09-30T21:00:00Z,3 PM,4 PM,10.8,15,mph,WNW
hourly,2026-09-28T07:18:33Z,2026-09-28T08:18:33Z,85,America/Chicago,2026-10-01,2026-10-01T20:00:00Z,2026-10-01T21:00:00Z,3 PM,4 PM,11.6,21,mph,WNW
hourly,2026-09-28T07:18:33Z,2026-09-28T08:18:33Z,85,America/Chicago,2026-10-02,2026-10-02T19:00:00Z,2026-10-02T20:00:00Z,2 PM,3 PM,10.2,16,mph,SW
hourly,2026-09-28T07:18:33Z,2026-09-28T08:18:33Z,85,America/Chicago,2026-10-03,2026-10-03T20:00:00Z,2026-10-03T21:00:00Z,3 PM,4 PM,6.9,18,mph,S
hourly,2026-09-28T07:18:34Z,2026-09-28T08:18:34Z,226,America/Chicago,2026-09-28,2026-09-28T19:00:00Z,2026-09-28T20:00:00Z,2 PM,3 PM,6,10,mph,SSE
hourly,2026-09-28T07:18:34Z,2026-09-28T08:18:34Z,226,America/Chicago,2026-09-29,2026-09-29T16:00:00Z,2026-09-29T17:00:00Z,11 AM,12 PM,2,15,mph,S
hourly,2026-09-28T07:18:34Z,2026-09-28T08:18:34Z,226,America/Chicago,2026-09-30,2026-09-30T21:00:00Z,2026-09-30T22:00:00Z,4 PM,5 PM,5.2,5,mph,NW
hourly,2026-09-28T07:18:34Z,2026-09-28T08:18:34Z,226,America/Chicago,2026-10-01,2026-10-01T19:00:00Z,2026-10-01T20:00:00Z,2 PM,3 PM,10.1,15,mph,NNW
hourly,2026-09-28T07:18:34Z,2026-09-28T08:18:34Z,226,America/Chicago,2026-10-02,2026-10-02T20:00:00Z,2026-10-02T21:00:00Z,3 PM,4 PM,10.3,5,mph,WSW
hourly,2026-09-28T07:18:34Z,2026-09-28T08:18:34Z,226,America/Chicago,2026-10-03,2026-10-03T19:00:00Z,2026-10-03T20:00:00Z,2 PM,3 PM,7.5,15,mph,S
hourly,2026-09-28T07:18:35Z,2026-09-28T08:18:34Z,140,America/Chicago,2026-09-28,2026-09-28T11:00:00Z,2026-09-28T12:00:00Z,6 AM,7 AM,2.7,10,mph,E
hourly,2026-09-28T07:18:35Z,2026-09-28T08:18:34Z,140,America/Chicago,2026-09-29,2026-09-29T20:00:00Z,2026-09-29T21:00:00Z,3 PM,4 PM,4.5,7,mph,W
hourly,2026-09-28T07:18:35Z,2026-09-28T08:18:34Z,140,America/Chicago,2026-09-30,2026-09-30T21:00:00Z,2026-09-30T22:00:00Z,4 PM,5 PM,10.6,14,mph,W
hourly,2026-09-28T07:18:35Z,2026-09-28T08:18:34Z,140,America/Chicago,2026-10-01,2026-10-01T20:00:00Z,2026-10-01T21:00:00Z,3 PM,4 PM,11.6,16,mph,NW
hourly,2026-09-28T07:18:35Z,2026-09-28T08:18:34Z,140,America/Chicago,2026-10-02,2026-10-02T20:00:00Z,2026-10-02T21:00:00Z,3 PM,4 PM,11.3,14,mph,S
hourly,2026-09-28T07:18:35Z,2026-09-28T08:18:34Z,140,America/Chicago,2026-10-03,2026-10-03T20:00:00Z,2026-10-03T21:00:00Z,3 PM,4 PM,8.3,16,mph,S
hourly,2026-09-28T07:18:36Z,2026-09-28T08:18:36Z,134,America/Chicago,2026-09-28,2026-09-28T12:00:00Z,2026-09-28T13:00:00Z,7 AM,8 AM,2.8,12,mph,E
hourly,2026-09-28T07:18:36Z,2026-09-28T08:18:36Z,134,America/Chicago,2026-09-29,2026-09-29T22:00:00Z,2026-09-29T23:00:00Z,5 PM,6 PM,14.1,15,mph,SW
hourly,2026-09-28T07:18:36Z,2026-09-28T08:18:36Z,134,America/Chicago,2026-09-30,2026-09-30T20:00:00Z,2026-09-30T21:00:00Z,3 PM,4 PM,12.6,20,mph,NW
hourly,2026-09-28T07:18:36Z,2026-09-28T08:18:36Z,134,America/Chicago,2026-10-01,2026-10-01T20:00:00Z,2026-10-01T21:00:00Z,3 PM,4 PM,13.1,14,mph,W
hourly,2026-09-28T07:18:36Z,2026-09-28T08:18:36Z,134,America/Chicago,2026-10-02,2026-10-02T20:00:00Z,2026-10-02T21:00:00Z,3 PM,4 PM,12.6,14,mph,S
hourly,2026-09-28T07:18:36Z,2026-09-28T08:18:36Z,134,America/Chicago,2026-10-03,2026-10-03T21:00:00Z,2026-10-03T22:00:00Z,4 PM,5 PM,10.3,14,mph,NW
hourly,2026-09-28T07:18:37Z,2026-09-28T08:18:37Z,18,America/Chicago,2026-09-28,2026-09-28T12:00:00Z,2026-09-28T13:00:00Z,7 AM,8 AM,3.2,12,mph,E
hourly,2026-09-28T07:18:37Z,2026-09-28T08:18:37Z,18,America/Chicago,2026-09-29,2026-09-29T22:00:00Z,2026-09-29T23:00:00Z,5 PM,6 PM,6.3,9,mph,WSW
hourly,2026-09-28T07:18:37Z,2026-09-28T08:18:37Z,18,America/Chicago,2026-09-30,2026-09-30T20:00:00Z,2026-09-30T21:00:00Z,3 PM,4 PM,12,18,mph,WNW
hourly,2026-09-28T07:18:37Z,2026-09-28T08:18:37Z,18,America/Chicago,2026-10-01,2026-10-01T20:00:00Z,2026-10-01T21:00:00Z,3 PM,4 PM,11.6,21,mph,WNW
hourly,2026-09-28T07:18:37Z,2026-09-28T08:18:37Z,18,America/Chicago,2026-10-02,2026-10-02T20:00:00Z,2026-10-02T21:00:00Z,3 PM,4 PM,11.1,16,mph,SSW
hourly,2026-09-28T07:18:37Z,2026-09-28T08:18:37Z,18,America/Chicago,2026-10-03,2026-10-03T20:00:00Z,2026-10-03T21:00:00Z,3 PM,4 PM,8.1,18,mph,SSW
hourly,2026-09-28T07:18:38Z,2026-09-28T08:18:38Z,136,America/Chicago,2026-09-28,2026-09-28T11:00:00Z,2026-09-28T12:00:00Z,6 AM,7 AM,3.3,12,mph,E
hourly,2026-09-28T07:18:38Z,2026-09-28T08:18:38Z,136,America/Chicago,2026-09-29,2026-09-29T21:00:00Z,2026-09-29T22:00:00Z,4 PM,5 PM,16.9,20,mph,SW
hourly,2026-09-28T07:18:38Z,2026-09-28T08:18:38Z,136,America/Chicago,2026-09-30,2026-09-30T22:00:00Z,2026-09-30T23:00:00Z,5 PM,6 PM,12.9,20,mph,NW
hourly,2026-09-28T07:18:38Z,2026-09-28T08:18:38Z,136,America/Chicago,2026-10-01,2026-10-01T20:00:00Z,2026-10-01T21:00:00Z,3 PM,4 PM,14.1,15,mph,W
hourly,2026-09-28T07:18:38Z,2026-09-28T08:18:38Z,136,America/Chicago,2026-10-02,2026-10-02T20:00:00Z,2026-10-02T21:00:00Z,3 PM,4 PM,13.3,15,mph,S
hourly,2026-09-28T07:18:38Z,2026-09-28T08:18:38Z,136,America/Chicago,2026-10-03,2026-10-03T22:00:00Z,2026-10-03T23:00:00Z,5 PM,6 PM,11,14,mph,NW
hourly,2026-09-28T07:18:39Z,2026-09-28T08:18:39Z,219,America/Chicago,2026-09-28,2026-09-28T15:00:00Z,2026-09-28T16:00:00Z,10 AM,11 AM,1.7,9,mph,ESE
hourly,2026-09-28T07:18:39Z,2026-09-28T08:18:39Z,219,America/Chicago,2026-09-29,2026-09-29T22:00:00Z,2026-09-29T23:00:00Z,5 PM,6 PM,3.9,6,mph,SSW
hourly,2026-09-28T07:18:39Z,2026-09-28T08:18:39Z,219,America/Chicago,2026-09-30,2026-09-30T21:00:00Z,2026-09-30T22:00:00Z,4 PM,5 PM,10.4,12,mph,W
hourly,2026-09-28T07:18:39Z,2026-09-28T08:18:39Z,219,America/Chicago,2026-10-01,2026-10-01T20:00:00Z,2026-10-01T21:00:00Z,3 PM,4 PM,11.9,17,mph,WNW
hourly,2026-09-28T07:18:39Z,2026-09-28T08:18:39Z,219,America/Chicago,2026-10-02,2026-10-02T20:00:00Z,2026-10-02T21:00:00Z,3 PM,4 PM,11.2,10,mph,WSW
hourly,2026-09-28T07:18:39Z,2026-09-28T08:18:39Z,219,America/Chicago,2026-10-03,2026-10-03T20:00:00Z,2026-10-03T21:00:00Z,3 PM,4 PM,8.4,16,mph,S
hourly,2026-09-28T07:18:40Z,2026-09-28T08:18:40Z,65,America/Chicago,2026-09-28,2026-09-28T21:00:00Z,2026-09-28T22:00:00Z,4 PM,5 PM,5.6,5,mph,E
hourly,2026-09-28T07:18:40Z,2026-09-28T08:18:40Z,65,America/Chicago,2026-09-29,2026-09-29T21:00:00Z,2026-09-29T22:00:00Z,4 PM,5 PM,16.6,22,mph,SW
hourly,2026-09-28T07:18:40Z,2026-09-28T08:18:40Z,65,America/Chicago,2026-09-30,2026-09-30T20:00:00Z,2026-09-30T21:00:00Z,3 PM,4 PM,12,21,mph,NW
hourly,2026-09-28T07:18:40Z,2026-09-28T08:18:40Z,65,America/Chicago,2026-10-01,2026-10-01T20:00:00Z,2026-10-01T21:00:00Z,3 PM,4 PM,13.4,14,mph,NW
hourly,2026-09-28T07:18:40Z,2026-09-28T08:18:40Z,65,America/Chicago,2026-10-02,2026-10-02T20:00:00Z,2026-10-02T21:00:00Z,3 PM,4 PM,12.8,14,mph,S
hourly,2026-09-28T07:18:40Z,2026-09-28T08:18:40Z,65,America/Chicago,2026-10-03,2026-10-03T20:00:00Z,2026-10-03T21:00:00Z,3 PM,4 PM,9.7,14,mph,NW
hourly,2026-09-28T07:18:40Z,2026-09-28T08:18:40Z,104,America/Chicago,2026-09-28,2026-09-28T11:00:00Z,2026-09-28T12:00:00Z,6 AM,7 AM,2.1,1,mph,E
hourly,2026-09-28T07:18:40Z,2026-09-28T08:18:40Z,104,America/Chicago,2026-09-29,2026-09-29T22:00:00Z,2026-09-29T23:00:00Z,5 PM,6 PM,7.1,7,mph,SSW
hourly,2026-09-28T07:18:40Z,2026-09-28T08:18:40Z,104,America/Chicago,2026-09-30,2026-09-30T21:00:00Z,2026-09-30T22:00:00Z,4 PM,5 PM,12.6,14,mph,WNW
hourly,2026-09-28T07:18:40Z,2026-09-28T08:18:40Z,104,America/Chicago,2026-10-01,2026-10-01T20:00:00Z,2026-10-01T21:00:00Z,3 PM,4 PM,13.1,20,mph,WNW
hourly,2026-09-28T07:18:40Z,2026-09-28T08:18:40Z,104,America/Chicago,2026-10-02,2026-10-02T20:00:00Z,2026-10-02T21:00:00Z,3 PM,4 PM,11.7,10,mph,WSW
hourly,2026-09-28T07:18:40Z,2026-09-28T08:18:40Z,104,America/Chicago,2026-10-03,2026-10-03T21:00:00Z,2026-10-03T22:00:00Z,4 PM,5 PM,8.8,15,mph,S
hourly,2026-09-28T07:18:41Z,2026-09-28T08:18:41Z,99,America/Denver,2026-09-28,2026-09-28T23:00:00Z,2026-09-29T00:00:00Z,5 PM,6 PM,7.7,3,mph,E
hourly,2026-09-28T07:18:41Z,2026-09-28T08:18:41Z,99,America/Denver,2026-09-29,2026-09-29T22:00:00Z,2026-09-29T23:00:00Z,4 PM,5 PM,18.7,18,mph,WSW
hourly,2026-09-28T07:18:41Z,2026-09-28T08:18:41Z,99,America/Denver,2026-09-30,2026-09-30T22:00:00Z,2026-09-30T23:00:00Z,4 PM,5 PM,13.1,20,mph,NW
hourly,2026-09-28T07:18:41Z,2026-09-28T08:18:41Z,99,America/Denver,2026-10-01,2026-10-01T21:00:00Z,2026-10-01T22:00:00Z,3 PM,4 PM,14.9,12,mph,WNW
hourly,2026-09-28T07:18:41Z,2026-09-28T08:18:41Z,99,America/Denver,2026-10-02,2026-10-02T21:00:00Z,2026-10-02T22:00:00Z,3 PM,4 PM,13.5,13,mph,SSE
hourly,2026-09-28T07:18:41Z,2026-09-28T08:18:41Z,99,America/Denver,2026-10-03,2026-10-03T22:00:00Z,2026-10-03T23:00:00Z,4 PM,5 PM,10.7,13,mph,NNW
hourly,2026-09-28T07:18:42Z,2026-09-28T08:18:42Z,192,America/Denver,2026-09-28,2026-09-28T20:00:00Z,2026-09-28T21:00:00Z,2 PM,3 PM,6.5,7,mph,SW
hourly,2026-09-28T07:18:42Z,2026-09-28T08:18:42Z,192,America/Denver,2026-09-29,2026-09-29T21:00:00Z,2026-09-29T22:00:00Z,3 PM,4 PM,19.9,16,mph,W
hourly,2026-09-28T07:18:42Z,2026-09-28T08:18:42Z,192,America/Denver,2026-09-30,2026-09-30T20:00:00Z,2026-09-30T21:00:00Z,2 PM,3 PM,15.7,21,mph,NW
hourly,2026-09-28T07:18:42Z,2026-09-28T08:18:42Z,192,America/Denver,2026-10-01,2026-10-01T20:00:00Z,2026-10-01T21:00:00Z,2 PM,3 PM,15.8,10,mph,W
hourly,2026-09-28T07:18:42Z,2026-09-28T08:18:42Z,192,America/Denver,2026-10-02,2026-10-02T20:00:00Z,2026-10-02T21:00:00Z,2 PM,3 PM,17.8,15,mph,S
hourly,2026-09-28T07:18:42Z,2026-09-28T08:18:42Z,192,America/Denver,2026-10-03,2026-10-03T21:00:00Z,2026-10-03T22:00:00Z,3 PM,4 PM,14.7,15,mph,NW
hourly,2026-09-28T07:18:43Z,2026-09-28T08:18:43Z,19,America/Chicago,2026-09-28,2026-09-28T11:00:00Z,2026-09-28T12:00:00Z,6 AM,7 AM,2.2,8,mph,E
hourly,2026-09-28T07:18:43Z,2026-09-28T08:18:43Z,19,America/Chicago,2026-09-29,2026-09-29T21:00:00Z,2026-09-29T22:00:00Z,4 PM,5 PM,4.6,8,mph,SW
hourly,2026-09-28T07:18:43Z,2026-09-28T08:18:43Z,19,America/Chicago,2026-09-30,2026-09-30T20:00:00Z,2026-09-30T21:00:00Z,3 PM,4 PM,10.8,14,mph,WNW
hourly,2026-09-28T07:18:43Z,2026-09-28T08:18:43Z,19,America/Chicago,2026-10-01,2026-10-01T20:00:00Z,2026-10-01T21:00:00Z,3 PM,4 PM,11.8,18,mph,WNW
hourly,2026-09-28T07:18:43Z,2026-09-28T08:18:43Z,19,America/Chicago,2026-10-02,2026-10-02T20:00:00Z,2026-10-02T21:00:00Z,3 PM,4 PM,10.8,15,mph,SW
hourly,2026-09-28T07:18:43Z,2026-09-28T08:18:43Z,19,America/Chicago,2026-10-03,2026-10-03T20:00:00Z,2026-10-03T21:00:00Z,3 PM,4 PM,7.9,17,mph,S
hourly,2026-09-28T07:18:44Z,2026-09-28T08:18:44Z,227,America/Chicago,2026-09-28,2026-09-28T20:00:00Z,2026-09-28T21:00:00Z,3 PM,4 PM,4.6,10,mph,S
hourly,2026-09-28T07:18:44Z,2026-09-28T08:18:44Z,227,America/Chicago,2026-09-29,2026-09-29T11:00:00Z,2026-09-29T12:00:00Z,6 AM,7 AM,1.9,15,mph,S
hourly,2026-09-28T07:18:44Z,2026-09-28T08:18:44Z,227,America/Chicago,2026-09-30,2026-09-30T20:00:00Z,2026-09-30T21:00:00Z,3 PM,4 PM,3.4,5,mph,NW
hourly,2026-09-28T07:18:44Z,2026-09-28T08:18:44Z,227,America/Chicago,2026-10-01,2026-10-01T19:00:00Z,2026-10-01T20:00:00Z,2 PM,3 PM,9.7,15,mph,NNW
hourly,2026-09-28T07:18:44Z,2026-09-28T08:18:44Z,227,America/Chicago,2026-10-02,2026-10-02T19:00:00Z,2026-10-02T20:00:00Z,2 PM,3 PM,9.2,5,mph,WNW
hourly,2026-09-28T07:18:44Z,2026-09-28T08:18:44Z,227,America/Chicago,2026-10-03,2026-10-03T20:00:00Z,2026-10-03T21:00:00Z,3 PM,4 PM,6.9,15,mph,S
hourly,2026-09-28T07:18:45Z,2026-09-28T08:18:45Z,129,America/Chicago,2026-09-28,2026-09-28T11:00:00Z,2026-09-28T12:00:00Z,6 AM,7 AM,3.8,13,mph,E
hourly,2026-09-28T07:18:45Z,2026-09-28T08:18:45Z,129,America/Chicago,2026-09-29,2026-09-29T21:00:00Z,2026-09-29T22:00:00Z,4 PM,5 PM,8.6,12,mph,W
hourly,2026-09-28T07:18:45Z,2026-09-28T08:18:45Z,129,America/Chicago,2026-09-30,2026-09-30T22:00:00Z,2026-09-30T23:00:00Z,5 PM,6 PM,11.8,17,mph,NW
hourly,2026-09-28T07:18:45Z,2026-09-28T08:18:45Z,129,America/Chicago,2026-10-01,2026-10-01T20:00:00Z,2026-10-01T21:00:00Z,3 PM,4 PM,13.3,16,mph,NW
hourly,2026-09-28T07:18:45Z,2026-09-28T08:18:45Z,129,America/Chicago,2026-10-02,2026-10-02T20:00:00Z,2026-10-02T21:00:00Z,3 PM,4 PM,11.8,17,mph,S
hourly,2026-09-28T07:18:45Z,2026-09-28T08:18:45Z,129,America/Chicago,2026-10-03,2026-10-03T21:00:00Z,2026-10-03T22:00:00Z,4 PM,5 PM,8.8,16,mph,W
hourly,2026-09-28T07:18:45Z,2026-09-28T08:18:45Z,20,America/Denver,2026-09-28,2026-09-28T22:00:00Z,2026-09-28T23:00:00Z,4 PM,5 PM,3.9,5,mph,SE
hourly,2026-09-28T07:18:45Z,2026-09-28T08:18:45Z,20,America/Denver,2026-09-29,2026-09-29T22:00:00Z,2026-09-29T23:00:00Z,4 PM,5 PM,17,12,mph,W
hourly,2026-09-28T07:18:45Z,2026-09-28T08:18:45Z,20,America/Denver,2026-09-30,2026-09-30T20:00:00Z,2026-09-30T21:00:00Z,2 PM,3 PM,13.7,18,mph,NW
hourly,2026-09-28T07:18:45Z,2026-09-28T08:18:45Z,20,America/Denver,2026-10-01,2026-10-01T20:00:00Z,2026-10-01T21:00:00Z,2 PM,3 PM,15.5,10,mph,NW
hourly,2026-09-28T07:18:45Z,2026-09-28T08:18:45Z,20,America/Denver,2026-10-02,2026-10-02T20:00:00Z,2026-10-02T21:00:00Z,2 PM,3 PM,14.8,14,mph,S
hourly,2026-09-28T07:18:45Z,2026-09-28T08:18:45Z,20,America/Denver,2026-10-03,2026-10-03T20:00:00Z,2026-10-03T21:00:00Z,2 PM,3 PM,12.3,12,mph,NW
hourly,2026-09-28T07:18:46Z,2026-09-28T08:18:46Z,101,America/Denver,2026-09-28,2026-09-28T23:00:00Z,2026-09-29T00:00:00Z,5 PM,6 PM,8,3,mph,ESE
hourly,2026-09-28T07:18:46Z,2026-09-28T08:18:46Z,101,America/Denver,2026-09-29,2026-09-29T21:00:00Z,2026-09-29T22:00:00Z,3 PM,4 PM,18.3,20,mph,WSW
hourly,2026-09-28T07:18:46Z,2026-09-28T08:18:46Z,101,America/Denver,2026-09-30,2026-09-30T22:00:00Z,2026-09-30T23:00:00Z,4 PM,5 PM,12.5,21,mph,NNW
hourly,2026-09-28T07:18:46Z,2026-09-28T08:18:46Z,101,America/Denver,2026-10-01,2026-10-01T21:00:00Z,2026-10-01T22:00:00Z,3 PM,4 PM,14.4,13,mph,WNW
hourly,2026-09-28T07:18:46Z,2026-09-28T08:18:46Z,101,America/Denver,2026-10-02,2026-10-02T21:00:00Z,2026-10-02T22:00:00Z,3 PM,4 PM,13.1,13,mph,SSE
hourly,2026-09-28T07:18:46Z,2026-09-28T08:18:46Z,101,America/Denver,2026-10-03,2026-10-03T21:00:00Z,2026-10-03T22:00:00Z,3 PM,4 PM,9.8,15,mph,NNW
hourly,2026-09-28T07:18:47Z,2026-09-28T08:18:46Z,166,America/Chicago,2026-09-28,2026-09-28T22:00:00Z,2026-09-28T23:00:00Z,5 PM,6 PM,3.7,6,mph,E
hourly,2026-09-28T07:18:47Z,2026-09-28T08:18:46Z,166,America/Chicago,2026-09-29,2026-09-29T21:00:00Z,2026-09-29T22:00:00Z,4 PM,5 PM,16,21,mph,SW
hourly,2026-09-28T07:18:47Z,2026-09-28T08:18:46Z,166,America/Chicago,2026-09-30,2026-09-30T20:00:00Z,2026-09-30T21:00:00Z,3 PM,4 PM,12.9,21,mph,NW
hourly,2026-09-28T07:18:47Z,2026-09-28T08:18:46Z,166,America/Chicago,2026-10-01,2026-10-01T20:00:00Z,2026-10-01T21:00:00Z,3 PM,4 PM,13.1,16,mph,W
hourly,2026-09-28T07:18:47Z,2026-09-28T08:18:46Z,166,America/Chicago,2026-10-02,2026-10-02T20:00:00Z,2026-10-02T21:00:00Z,3 PM,4 PM,12.5,16,mph,S
hourly,2026-09-28T07:18:47Z,2026-09-28T08:18:46Z,166,America/Chicago,2026-10-03,2026-10-03T20:00:00Z,2026-10-03T21:00:00Z,3 PM,4 PM,9.9,15,mph,NW
hourly,2026-09-28T07:18:47Z,2026-09-28T08:18:47Z,178,America/Chicago,2026-09-28,2026-09-28T21:00:00Z,2026-09-28T22:00:00Z,4 PM,5 PM,5,5,mph,E
hourly,2026-09-28T07:18:47Z,2026-09-28T08:18:47Z,178,America/Chicago,2026-09-29,2026-09-29T22:00:00Z,2026-09-29T23:00:00Z,5 PM,6 PM,17.2,21,mph,SW
hourly,2026-09-28T07:18:47Z,2026-09-28T08:18:47Z,178,America/Chicago,2026-09-30,2026-09-30T20:00:00Z,2026-09-30T21:00:00Z,3 PM,4 PM,12.1,22,mph,NW
hourly,2026-09-28T07:18:47Z,2026-09-28T08:18:47Z,178,America/Chicago,2026-10-01,2026-10-01T20:00:00Z,2026-10-01T21:00:00Z,3 PM,4 PM,13.6,15,mph,W
hourly,2026-09-28T07:18:47Z,2026-09-28T08:18:47Z,178,America/Chicago,2026-10-02,2026-10-02T20:00:00Z,2026-10-02T21:00:00Z,3 PM,4 PM,12.1,16,mph,S
hourly,2026-09-28T07:18:47Z,2026-09-28T08:18:47Z,178,America/Chicago,2026-10-03,2026-10-03T22:00:00Z,2026-10-03T23:00:00Z,5 PM,6 PM,9.9,15,mph,NW
hourly,2026-09-28T07:18:48Z,2026-09-28T08:18:48Z,81,America/Chicago,2026-09-28,2026-09-28T20:00:00Z,2026-09-28T21:00:00Z,3 PM,4 PM,3.2,7,mph,E
hourly,2026-09-28T07:18:48Z,2026-09-28T08:18:48Z,81,America/Chicago,2026-09-29,2026-09-29T21:00:00Z,2026-09-29T22:00:00Z,4 PM,5 PM,17.5,16,mph,SW
hourly,2026-09-28T07:18:48Z,2026-09-28T08:18:48Z,81,America/Chicago,2026-09-30,2026-09-30T21:00:00Z,2026-09-30T22:00:00Z,4 PM,5 PM,14,21,mph,NW
hourly,2026-09-28T07:18:48Z,2026-09-28T08:18:48Z,81,America/Chicago,2026-10-01,2026-10-01T21:00:00Z,2026-10-01T22:00:00Z,4 PM,5 PM,15.4,13,mph,NW
hourly,2026-09-28T07:18:48Z,2026-09-28T08:18:48Z,81,America/Chicago,2026-10-02,2026-10-02T20:00:00Z,2026-10-02T21:00:00Z,3 PM,4 PM,14.5,17,mph,S
hourly,2026-09-28T07:18:48Z,2026-09-28T08:18:48Z,81,America/Chicago,2026-10-03,2026-10-03T22:00:00Z,2026-10-03T23:00:00Z,5 PM,6 PM,12.1,14,mph,NW
hourly,2026-09-28T07:18:49Z,2026-09-28T08:18:49Z,21,America/Chicago,2026-09-28,2026-09-28T11:00:00Z,2026-09-28T12:00:00Z,6 AM,7 AM,3.4,7,mph,SE
hourly,2026-09-28T07:18:49Z,2026-09-28T08:18:49Z,21,America/Chicago,2026-09-29,2026-09-29T21:00:00Z,2026-09-29T22:00:00Z,4 PM,5 PM,5.2,6,mph,SW
hourly,2026-09-28T07:18:49Z,2026-09-28T08:18:49Z,21,America/Chicago,2026-09-30,2026-09-30T20:00:00Z,2026-09-30T21:00:00Z,3 PM,4 PM,11.4,12,mph,NW
hourly,2026-09-28T07:18:49Z,2026-09-28T08:18:49Z,21,America/Chicago,2026-10-01,2026-10-01T20:00:00Z,2026-10-01T21:00:00Z,3 PM,4 PM,12.6,14,mph,NW
hourly,2026-09-28T07:18:49Z,2026-09-28T08:18:49Z,21,America/Chicago,2026-10-02,2026-10-02T20:00:00Z,2026-10-02T21:00:00Z,3 PM,4 PM,11.8,13,mph,S
hourly,2026-09-28T07:18:49Z,2026-09-28T08:18:49Z,21,America/Chicago,2026-10-03,2026-10-03T19:00:00Z,2026-10-03T20:00:00Z,2 PM,3 PM,8.7,15,mph,S
hourly,2026-09-28T07:18:50Z,2026-09-28T08:18:50Z,97,America/Chicago,2026-09-28,2026-09-28T11:00:00Z,2026-09-28T12:00:00Z,6 AM,7 AM,3.1,9,mph,E
hourly,2026-09-28T07:18:50Z,2026-09-28T08:18:50Z,97,America/Chicago,2026-09-29,2026-09-29T22:00:00Z,2026-09-29T23:00:00Z,5 PM,6 PM,6.3,10,mph,SW
hourly,2026-09-28T07:18:50Z,2026-09-28T08:18:50Z,97,America/Chicago,2026-09-30,2026-09-30T21:00:00Z,2026-09-30T22:00:00Z,4 PM,5 PM,12.4,18,mph,WNW
hourly,2026-09-28T07:18:50Z,2026-09-28T08:18:50Z,97,America/Chicago,2026-10-01,2026-10-01T20:00:00Z,2026-10-01T21:00:00Z,3 PM,4 PM,11.9,21,mph,WNW
hourly,2026-09-28T07:18:50Z,2026-09-28T08:18:50Z,97,America/Chicago,2026-10-02,2026-10-02T20:00:00Z,2026-10-02T21:00:00Z,3 PM,4 PM,11.1,15,mph,SW
hourly,2026-09-28T07:18:50Z,2026-09-28T08:18:50Z,97,America/Chicago,2026-10-03,2026-10-03T20:00:00Z,2026-10-03T21:00:00Z,3 PM,4 PM,8.1,18,mph,SSW
hourly,2026-09-28T07:18:51Z,2026-09-28T08:18:51Z,75,America/Chicago,2026-09-28,2026-09-28T19:00:00Z,2026-09-28T20:00:00Z,2 PM,3 PM,3.3,17,mph,SSE
hourly,2026-09-28T07:18:51Z,2026-09-28T08:18:51Z,75,America/Chicago,2026-09-29,2026-09-29T19:00:00Z,2026-09-29T20:00:00Z,2 PM,3 PM,3.3,9,mph,S
hourly,2026-09-28T07:18:51Z,2026-09-28T08:18:51Z,75,America/Chicago,2026-09-30,2026-09-30T20:00:00Z,2026-09-30T21:00:00Z,3 PM,4 PM,10.7,9,mph,W
hourly,2026-09-28T07:18:51Z,2026-09-28T08:18:51Z,75,America/Chicago,2026-10-01,2026-10-01T19:00:00Z,2026-10-01T20:00:00Z,2 PM,3 PM,12.4,17,mph,NW
hourly,2026-09-28T07:18:51Z,2026-09-28T08:18:51Z,75,America/Chicago,2026-10-02,2026-10-02T20:00:00Z,2026-10-02T21:00:00Z,3 PM,4 PM,12.4,13,mph,SW
hourly,2026-09-28T07:18:51Z,2026-09-28T08:18:51Z,75,America/Chicago,2026-10-03,2026-10-03T20:00:00Z,2026-10-03T21:00:00Z,3 PM,4 PM,9,17,mph,S
hourly,2026-09-28T07:18:52Z,2026-09-28T08:18:52Z,184,America/Chicago,2026-09-28,2026-09-28T20:00:00Z,2026-09-28T21:00:00Z,3 PM,4 PM,4.7,15,mph,SSE
hourly,2026-09-28T07:18:52Z,2026-09-28T08:18:52Z,184,America/Chicago,2026-09-29,2026-09-29T22:00:00Z,2026-09-29T23:00:00Z,5 PM,6 PM,2.7,9,mph,SSE
hourly,2026-09-28T07:18:52Z,2026-09-28T08:18:52Z,184,America/Chicago,2026-09-30,2026-09-30T21:00:00Z,2026-09-30T22:00:00Z,4 PM,5 PM,9.5,7,mph,WSW
hourly,2026-09-28T07:18:52Z,2026-09-28T08:18:52Z,184,America/Chicago,2026-10-01,2026-10-01T20:00:00Z,2026-10-01T21:00:00Z,3 PM,4 PM,12.9,15,mph,NW
hourly,2026-09-28T07:18:52Z,2026-09-28T08:18:52Z,184,America/Chicago,2026-10-02,2026-10-02T20:00:00Z,2026-10-02T21:00:00Z,3 PM,4 PM,12,8,mph,WSW
hourly,2026-09-28T07:18:52Z,2026-09-28T08:18:52Z,184,America/Chicago,2026-10-03,2026-10-03T20:00:00Z,2026-10-03T21:00:00Z,3 PM,4 PM,9.3,16,mph,S
hourly,2026-09-28T07:18:53Z,2026-09-28T08:18:53Z,2,America/Chicago,2026-09-28,2026-09-28T11:00:00Z,2026-09-28T12:00:00Z,6 AM,7 AM,1.1,5,mph,E
hourly,2026-09-28T07:18:53Z,2026-09-28T08:18:53Z,2,America/Chicago,2026-09-29,2026-09-29T22:00:00Z,2026-09-29T23:00:00Z,5 PM,6 PM,4,6,mph,SSW
hourly,2026-09-28T07:18:53Z,2026-09-28T08:18:53Z,2,America/Chicago,2026-09-30,2026-09-30T21:00:00Z,2026-09-30T22:00:00Z,4 PM,5 PM,10.4,12,mph,W
hourly,2026-09-28T07:18:53Z,2026-09-28T08:18:53Z,2,America/Chicago,2026-10-01,2026-10-01T20:00:00Z,2026-10-01T21:00:00Z,3 PM,4 PM,11.9,17,mph,WNW
hourly,2026-09-28T07:18:53Z,2026-09-28T08:18:53Z,2,America/Chicago,2026-10-02,2026-10-02T20:00:00Z,2026-10-02T21:00:00Z,3 PM,4 PM,11.4,10,mph,WSW
hourly,2026-09-28T07:18:53Z,2026-09-28T08:18:53Z,2,America/Chicago,2026-10-03,2026-10-03T20:00:00Z,2026-10-03T21:00:00Z,3 PM,4 PM,7.9,17,mph,S
hourly,2026-09-28T07:18:53Z,2026-09-28T08:18:53Z,211,America/Denver,2026-09-28,2026-09-28T20:00:00Z,2026-09-28T21:00:00Z,2 PM,3 PM,2,6,mph,S
hourly,2026-09-28T07:18:53Z,2026-09-28T08:18:53Z,211,America/Denver,2026-09-29,2026-09-29T22:00:00Z,2026-09-29T23:00:00Z,4 PM,5 PM,12.7,7,mph,W
hourly,2026-09-28T07:18:53Z,2026-09-28T08:18:53Z,211,America/Denver,2026-09-30,2026-09-30T21:00:00Z,2026-09-30T22:00:00Z,3 PM,4 PM,12.9,18,mph,NW
hourly,2026-09-28T07:18:53Z,2026-09-28T08:18:53Z,211,America/Denver,2026-10-01,2026-10-01T20:00:00Z,2026-10-01T21:00:00Z,2 PM,3 PM,13.7,9,mph,NW
hourly,2026-09-28T07:18:53Z,2026-09-28T08:18:53Z,211,America/Denver,2026-10-02,2026-10-02T20:00:00Z,2026-10-02T21:00:00Z,2 PM,3 PM,12.5,16,mph,S
hourly,2026-09-28T07:18:53Z,2026-09-28T08:18:53Z,211,America/Denver,2026-10-03,2026-10-03T20:00:00Z,2026-10-03T21:00:00Z,2 PM,3 PM,10.2,10,mph,W
hourly,2026-09-28T07:18:54Z,2026-09-28T08:18:54Z,263,America/Chicago,2026-09-28,2026-09-28T20:00:00Z,2026-09-28T21:00:00Z,3 PM,4 PM,5.1,8,mph,S
hourly,2026-09-28T07:18:54Z,2026-09-28T08:18:54Z,263,America/Chicago,2026-09-29,2026-09-29T19:00:00Z,2026-09-29T20:00:00Z,2 PM,3 PM,6.3,14,mph,S
hourly,2026-09-28T07:18:54Z,2026-09-28T08:18:54Z,263,America/Chicago,2026-09-30,2026-09-30T20:00:00Z,2026-09-30T21:00:00Z,3 PM,4 PM,2.7,12,mph,S
hourly,2026-09-28T07:18:54Z,2026-09-28T08:18:54Z,263,America/Chicago,2026-10-01,2026-10-01T20:00:00Z,2026-10-01T21:00:00Z,3 PM,4 PM,9,14,mph,N
hourly,2026-09-28T07:18:54Z,2026-09-28T08:18:54Z,263,America/Chicago,2026-10-02,2026-10-02T20:00:00Z,2026-10-02T21:00:00Z,3 PM,4 PM,9.3,7,mph,N
hourly,2026-09-28T07:18:54Z,2026-09-28T08:18:54Z,263,America/Chicago,2026-10-03,2026-10-03T20:00:00Z,2026-10-03T21:00:00Z,3 PM,4 PM,8.1,10,mph,S
hourly,2026-09-28T07:18:55Z,2026-09-28T08:18:55Z,232,America/Chicago,2026-09-28,2026-09-28T20:00:00Z,2026-09-28T21:00:00Z,3 PM,4 PM,2.7,17,mph,S
hourly,2026-09-28T07:18:55Z,2026-09-28T08:18:55Z,232,America/Chicago,2026-09-29,2026-09-29T21:00:00Z,2026-09-29T22:00:00Z,4 PM,5 PM,4.6,6,mph,SE
hourly,2026-09-28T07:18:55Z,2026-09-28T08:18:55Z,232,America/Chicago,2026-09-30,2026-09-30T20:00:00Z,2026-09-30T21:00:00Z,3 PM,4 PM,10.5,9,mph,W
hourly,2026-09-28T07:18:55Z,2026-09-28T08:18:55Z,232,America/Chicago,2026-10-01,2026-10-01T20:00:00Z,2026-10-01T21:00:00Z,3 PM,4 PM,12.3,13,mph,NW
hourly,2026-09-28T07:18:55Z,2026-09-28T08:18:55Z,232,America/Chicago,2026-10-02,2026-10-02T20:00:00Z,2026-10-02T21:00:00Z,3 PM,4 PM,11,13,mph,S
hourly,2026-09-28T07:18:55Z,2026-09-28T08:18:55Z,232,America/Chicago,2026-10-03,2026-10-03T20:00:00Z,2026-10-03T21:00:00Z,3 PM,4 PM,8.5,14,mph,S
hourly,2026-09-28T07:18:56Z,2026-09-28T08:18:56Z,172,America/Chicago,2026-09-28,2026-09-28T11:00:00Z,2026-09-28T12:00:00Z,6 AM,7 AM,1.7,3,mph,ENE
hourly,2026-09-28T07:18:56Z,2026-09-28T08:18:56Z,172,America/Chicago,2026-09-29,2026-09-29T22:00:00Z,2026-09-29T23:00:00Z,5 PM,6 PM,5.1,7,mph,SW
hourly,2026-09-28T07:18:56Z,2026-09-28T08:18:56Z,172,America/Chicago,2026-09-30,2026-09-30T21:00:00Z,2026-09-30T22:00:00Z,4 PM,5 PM,12,13,mph,W
hourly,2026-09-28T07:18:56Z,2026-09-28T08:18:56Z,172,America/Chicago,2026-10-01,2026-10-01T20:00:00Z,2026-10-01T21:00:00Z,3 PM,4 PM,12.4,18,mph,WNW
hourly,2026-09-28T07:18:56Z,2026-09-28T08:18:56Z,172,America/Chicago,2026-10-02,2026-10-02T20:00:00Z,2026-10-02T21:00:00Z,3 PM,4 PM,11.4,12,mph,SW
hourly,2026-09-28T07:18:56Z,2026-09-28T08:18:56Z,172,America/Chicago,2026-10-03,2026-10-03T20:00:00Z,2026-10-03T21:00:00Z,3 PM,4 PM,8.9,16,mph,S
hourly,2026-09-28T07:18:57Z,2026-09-28T08:18:57Z,139,America/Chicago,2026-09-28,2026-09-28T22:00:00Z,2026-09-28T23:00:00Z,5 PM,6 PM,4.3,6,mph,E
hourly,2026-09-28T07:18:57Z,2026-09-28T08:18:57Z,139,America/Chicago,2026-09-29,2026-09-29T22:00:00Z,2026-09-29T23:00:00Z,5 PM,6 PM,17,20,mph,SW
hourly,2026-09-28T07:18:57Z,2026-09-28T08:18:57Z,139,America/Chicago,2026-09-30,2026-09-30T20:00:00Z,2026-09-30T21:00:00Z,3 PM,4 PM,12.4,21,mph,NW
hourly,2026-09-28T07:18:57Z,2026-09-28T08:18:57Z,139,America/Chicago,2026-10-01,2026-10-01T20:00:00Z,2026-10-01T21:00:00Z,3 PM,4 PM,13.6,14,mph,W
hourly,2026-09-28T07:18:57Z,2026-09-28T08:18:57Z,139,America/Chicago,2026-10-02,2026-10-02T20:00:00Z,2026-10-02T21:00:00Z,3 PM,4 PM,11.8,16,mph,S
hourly,2026-09-28T07:18:57Z,2026-09-28T08:18:57Z,139,America/Chicago,2026-10-03,2026-10-03T22:00:00Z,2026-10-03T23:00:00Z,5 PM,6 PM,9.9,14,mph,NW
hourly,2026-09-28T07:18:57Z,2026-09-28T08:18:57Z,252,America/Chicago,2026-09-28,2026-09-28T22:00:00Z,2026-09-28T23:00:00Z,5 PM,6 PM,5.2,6,mph,S
hourly,2026-09-28T07:18:57Z,2026-09-28T08:18:57Z,252,America/Chicago,2026-09-29,2026-09-29T18:00:00Z,2026-09-29T19:00:00Z,1 PM,2 PM,6.3,13,mph,S
hourly,2026-09-28T07:18:57Z,2026-09-28T08:18:57Z,252,America/Chicago,2026-09-30,2026-09-30T19:00:00Z,2026-09-30T20:00:00Z,2 PM,3 PM,2,12,mph,S
hourly,2026-09-28T07:18:57Z,2026-09-28T08:18:57Z,252,America/Chicago,2026-10-01,2026-10-01T19:00:00Z,2026-10-01T20:00:00Z,2 PM,3 PM,7.5,13,mph,NW
hourly,2026-09-28T07:18:57Z,2026-09-28T08:18:57Z,252,America/Chicago,2026-10-02,2026-10-02T19:00:00Z,2026-10-02T20:00:00Z,2 PM,3 PM,8.7,6,mph,NW
hourly,2026-09-28T07:18:57Z,2026-09-28T08:18:57Z,252,America/Chicago,2026-10-03,2026-10-03T20:00:00Z,2026-10-03T21:00:00Z,3 PM,4 PM,8.1,9,mph,S
hourly,2026-09-28T07:18:58Z,2026-09-28T08:18:58Z,242,America/Chicago,2026-09-28,2026-09-28T20:00:00Z,2026-09-28T21:00:00Z,3 PM,4 PM,3.4,10,mph,S
hourly,2026-09-28T07:18:58Z,2026-09-28T08:18:58Z,242,America/Chicago,2026-09-29,2026-09-29T11:00:00Z,2026-09-29T12:00:00Z,6 AM,7 AM,1.3,15,mph,S
hourly,2026-09-28T07:18:58Z,2026-09-28T08:18:58Z,242,America/Chicago,2026-09-30,2026-09-30T20:00:00Z,2026-09-30T21:00:00Z,3 PM,4 PM,2.7,5,mph,SW
hourly,2026-09-28T07:18:58Z,2026-09-28T08:18:58Z,242,America/Chicago,2026-10-01,2026-10-01T19:00:00Z,2026-10-01T20:00:00Z,2 PM,3 PM,8.8,15,mph,NNW
hourly,2026-09-28T07:18:58Z,2026-09-28T08:18:58Z,242,America/Chicago,2026-10-02,2026-10-02T20:00:00Z,2026-10-02T21:00:00Z,3 PM,4 PM,9.2,5,mph,NW
hourly,2026-09-28T07:18:58Z,2026-09-28T08:18:58Z,242,America/Chicago,2026-10-03,2026-10-03T20:00:00Z,2026-10-03T21:00:00Z,3 PM,4 PM,6.5,15,mph,S
hourly,2026-09-28T07:18:59Z,2026-09-28T08:18:59Z,158,America/Denver,2026-09-28,2026-09-28T21:00:00Z,2026-09-28T22:00:00Z,3 PM,4 PM,3.2,5,mph,E
hourly,2026-09-28T07:18:59Z,2026-09-28T08:18:59Z,158,America/Denver,2026-09-29,2026-09-29T21:00:00Z,2026-09-29T22:00:00Z,3 PM,4 PM,16.8,16,mph,W
hourly,2026-09-28T07:18:59Z,2026-09-28T08:18:59Z,158,America/Denver,2026-09-30,2026-09-30T20:00:00Z,2026-09-30T21:00:00Z,2 PM,3 PM,13.1,20,mph,NW
hourly,2026-09-28T07:18:59Z,2026-09-28T08:18:59Z,158,America/Denver,2026-10-01,2026-10-01T20:00:00Z,2026-10-01T21:00:00Z,2 PM,3 PM,14.8,12,mph,NW
hourly,2026-09-28T07:18:59Z,2026-09-28T08:18:59Z,158,America/Denver,2026-10-02,2026-10-02T21:00:00Z,2026-10-02T22:00:00Z,3 PM,4 PM,14.6,14,mph,S
hourly,2026-09-28T07:18:59Z,2026-09-28T08:18:59Z,158,America/Denver,2026-10-03,2026-10-03T21:00:00Z,2026-10-03T22:00:00Z,3 PM,4 PM,12.2,13,mph,NW
hourly,2026-09-28T07:19:00Z,2026-09-28T08:19:00Z,23,America/Chicago,2026-09-28,2026-09-28T20:00:00Z,2026-09-28T21:00:00Z,3 PM,4 PM,3.3,15,mph,SSE
hourly,2026-09-28T07:19:00Z,2026-09-28T08:19:00Z,23,America/Chicago,2026-09-29,2026-09-29T20:00:00Z,2026-09-29T21:00:00Z,3 PM,4 PM,3.3,8,mph,S
hourly,2026-09-28T07:19:00Z,2026-09-28T08:19:00Z,23,America/Chicago,2026-09-30,2026-09-30T20:00:00Z,2026-09-30T21:00:00Z,3 PM,4 PM,10.7,9,mph,WSW
hourly,2026-09-28T07:19:00Z,2026-09-28T08:19:00Z,23,America/Chicago,2026-10-01,2026-10-01T20:00:00Z,2026-10-01T21:00:00Z,3 PM,4 PM,12.9,16,mph,NW
hourly,2026-09-28T07:19:00Z,2026-09-28T08:19:00Z,23,America/Chicago,2026-10-02,2026-10-02T20:00:00Z,2026-10-02T21:00:00Z,3 PM,4 PM,12.3,10,mph,SW
hourly,2026-09-28T07:19:00Z,2026-09-28T08:19:00Z,23,America/Chicago,2026-10-03,2026-10-03T20:00:00Z,2026-10-03T21:00:00Z,3 PM,4 PM,8.9,17,mph,S
hourly,2026-09-28T07:19:01Z,2026-09-28T08:19:01Z,157,America/Chicago,2026-09-28,2026-09-28T22:00:00Z,2026-09-28T23:00:00Z,5 PM,6 PM,3.2,6,mph,NE
hourly,2026-09-28T07:19:01Z,2026-09-28T08:19:01Z,157,America/Chicago,2026-09-29,2026-09-29T21:00:00Z,2026-09-29T22:00:00Z,4 PM,5 PM,17,16,mph,W
hourly,2026-09-28T07:19:01Z,2026-09-28T08:19:01Z,157,America/Chicago,2026-09-30,2026-09-30T21:00:00Z,2026-09-30T22:00:00Z,4 PM,5 PM,13,20,mph,NW
hourly,2026-09-28T07:19:01Z,2026-09-28T08:19:01Z,157,America/Chicago,2026-10-01,2026-10-01T20:00:00Z,2026-10-01T21:00:00Z,3 PM,4 PM,15,13,mph,NW
hourly,2026-09-28T07:19:01Z,2026-09-28T08:19:01Z,157,America/Chicago,2026-10-02,2026-10-02T21:00:00Z,2026-10-02T22:00:00Z,4 PM,5 PM,14.3,15,mph,S
hourly,2026-09-28T07:19:01Z,2026-09-28T08:19:01Z,157,America/Chicago,2026-10-03,2026-10-03T21:00:00Z,2026-10-03T22:00:00Z,4 PM,5 PM,11.9,13,mph,NW
hourly,2026-09-28T07:19:02Z,2026-09-28T08:19:02Z,220,America/Chicago,2026-09-28,2026-09-28T19:00:00Z,2026-09-28T20:00:00Z,2 PM,3 PM,2.5,12,mph,SSE
hourly,2026-09-28T07:19:02Z,2026-09-28T08:19:02Z,220,America/Chicago,2026-09-29,2026-09-29T22:00:00Z,2026-09-29T23:00:00Z,5 PM,6 PM,3.3,6,mph,SSW
hourly,2026-09-28T07:19:02Z,2026-09-28T08:19:02Z,220,America/Chicago,2026-09-30,2026-09-30T21:00:00Z,2026-09-30T22:00:00Z,4 PM,5 PM,9.8,9,mph,WSW
hourly,2026-09-28T07:19:02Z,2026-09-28T08:19:02Z,220,America/Chicago,2026-10-01,2026-10-01T20:00:00Z,2026-10-01T21:00:00Z,3 PM,4 PM,11.3,15,mph,WNW
hourly,2026-09-28T07:19:02Z,2026-09-28T08:19:02Z,220,America/Chicago,2026-10-02,2026-10-02T19:00:00Z,2026-10-02T20:00:00Z,2 PM,3 PM,11,9,mph,WSW
hourly,2026-09-28T07:19:02Z,2026-09-28T08:19:02Z,220,America/Chicago,2026-10-03,2026-10-03T19:00:00Z,2026-10-03T20:00:00Z,2 PM,3 PM,8.1,15,mph,S
hourly,2026-09-28T07:19:03Z,2026-09-28T08:19:03Z,62,America/Chicago,2026-09-28,2026-09-28T11:00:00Z,2026-09-28T12:00:00Z,6 AM,7 AM,2.2,8,mph,E
hourly,2026-09-28T07:19:03Z,2026-09-28T08:19:03Z,62,America/Chicago,2026-09-29,2026-09-29T22:00:00Z,2026-09-29T23:00:00Z,5 PM,6 PM,3.2,6,mph,S
hourly,2026-09-28T07:19:03Z,2026-09-28T08:19:03Z,62,America/Chicago,2026-09-30,2026-09-30T20:00:00Z,2026-09-30T21:00:00Z,3 PM,4 PM,10.5,12,mph,WNW
hourly,2026-09-28T07:19:03Z,2026-09-28T08:19:03Z,62,America/Chicago,2026-10-01,2026-10-01T20:00:00Z,2026-10-01T21:00:00Z,3 PM,4 PM,12.3,17,mph,NW
hourly,2026-09-28T07:19:03Z,2026-09-28T08:19:03Z,62,America/Chicago,2026-10-02,2026-10-02T20:00:00Z,2026-10-02T21:00:00Z,3 PM,4 PM,11.1,13,mph,SSW
hourly,2026-09-28T07:19:03Z,2026-09-28T08:19:03Z,62,America/Chicago,2026-10-03,2026-10-03T20:00:00Z,2026-10-03T21:00:00Z,3 PM,4 PM,7.9,16,mph,S
hourly,2026-09-28T07:19:04Z,2026-09-28T08:19:04Z,86,America/Chicago,2026-09-28,2026-09-28T11:00:00Z,2026-09-28T12:00:00Z,6 AM,7 AM,1.7,8,mph,E
hourly,2026-09-28T07:19:04Z,2026-09-28T08:19:04Z,86,America/Chicago,2026-09-29,2026-09-29T22:00:00Z,2026-09-29T23:00:00Z,5 PM,6 PM,4.6,8,mph,WSW
hourly,2026-09-28T07:19:04Z,2026-09-28T08:19:04Z,86,America/Chicago,2026-09-30,2026-09-30T21:00:00Z,2026-09-30T22:00:00Z,4 PM,5 PM,10.7,16,mph,WNW
hourly,2026-09-28T07:19:04Z,2026-09-28T08:19:04Z,86,America/Chicago,2026-10-01,2026-10-01T20:00:00Z,2026-10-01T21:00:00Z,3 PM,4 PM,11.4,21,mph,WNW
hourly,2026-09-28T07:19:04Z,2026-09-28T08:19:04Z,86,America/Chicago,2026-10-02,2026-10-02T20:00:00Z,2026-10-02T21:00:00Z,3 PM,4 PM,10.2,15,mph,SW
hourly,2026-09-28T07:19:04Z,2026-09-28T08:19:04Z,86,America/Chicago,2026-10-03,2026-10-03T20:00:00Z,2026-10-03T21:00:00Z,3 PM,4 PM,7.3,18,mph,S
hourly,2026-09-28T07:19:04Z,2026-09-28T08:19:04Z,24,America/Chicago,2026-09-28,2026-09-28T12:00:00Z,2026-09-28T13:00:00Z,7 AM,8 AM,1.6,3,mph,NE
hourly,2026-09-28T07:19:04Z,2026-09-28T08:19:04Z,24,America/Chicago,2026-09-29,2026-09-29T22:00:00Z,2026-09-29T23:00:00Z,5 PM,6 PM,7,7,mph,SW
hourly,2026-09-28T07:19:04Z,2026-09-28T08:19:04Z,24,America/Chicago,2026-09-30,2026-09-30T20:00:00Z,2026-09-30T21:00:00Z,3 PM,4 PM,12.8,15,mph,WNW
hourly,2026-09-28T07:19:04Z,2026-09-28T08:19:04Z,24,America/Chicago,2026-10-01,2026-10-01T20:00:00Z,2026-10-01T21:00:00Z,3 PM,4 PM,12.9,20,mph,WNW
hourly,2026-09-28T07:19:04Z,2026-09-28T08:19:04Z,24,America/Chicago,2026-10-02,2026-10-02T20:00:00Z,2026-10-02T21:00:00Z,3 PM,4 PM,11.6,10,mph,WSW
hourly,2026-09-28T07:19:04Z,2026-09-28T08:19:04Z,24,America/Chicago,2026-10-03,2026-10-03T20:00:00Z,2026-10-03T21:00:00Z,3 PM,4 PM,8.8,16,mph,S
hourly,2026-09-28T07:19:05Z,2026-09-28T08:19:05Z,89,America/Chicago,2026-09-28,2026-09-28T11:00:00Z,2026-09-28T12:00:00Z,6 AM,7 AM,2.4,10,mph,SE
hourly,2026-09-28T07:19:05Z,2026-09-28T08:19:05Z,89,America/Chicago,2026-09-29,2026-09-29T22:00:00Z,2026-09-29T23:00:00Z,5 PM,6 PM,8.2,5,mph,NW
hourly,2026-09-28T07:19:05Z,2026-09-28T08:19:05Z,89,America/Chicago,2026-09-30,2026-09-30T21:00:00Z,2026-09-30T22:00:00Z,4 PM,5 PM,12.5,14,mph,NW
hourly,2026-09-28T07:19:05Z,2026-09-28T08:19:05Z,89,America/Chicago,2026-10-01,2026-10-01T20:00:00Z,2026-10-01T21:00:00Z,3 PM,4 PM,13.1,9,mph,NW
hourly,2026-09-28T07:19:05Z,2026-09-28T08:19:05Z,89,America/Chicago,2026-10-02,2026-10-02T21:00:00Z,2026-10-02T22:00:00Z,4 PM,5 PM,11.3,15,mph,S
hourly,2026-09-28T07:19:05Z,2026-09-28T08:19:05Z,89,America/Chicago,2026-10-03,2026-10-03T21:00:00Z,2026-10-03T22:00:00Z,4 PM,5 PM,9.7,10,mph,W
hourly,2026-09-28T07:19:06Z,2026-09-28T08:19:06Z,126,America/Chicago,2026-09-28,2026-09-28T22:00:00Z,2026-09-28T23:00:00Z,5 PM,6 PM,6.8,5,mph,E
hourly,2026-09-28T07:19:06Z,2026-09-28T08:19:06Z,126,America/Chicago,2026-09-29,2026-09-29T22:00:00Z,2026-09-29T23:00:00Z,5 PM,6 PM,17.3,21,mph,SW
hourly,2026-09-28T07:19:06Z,2026-09-28T08:19:06Z,126,America/Chicago,2026-09-30,2026-09-30T22:00:00Z,2026-09-30T23:00:00Z,5 PM,6 PM,11.5,20,mph,NW
hourly,2026-09-28T07:19:06Z,2026-09-28T08:19:06Z,126,America/Chicago,2026-10-01,2026-10-01T20:00:00Z,2026-10-01T21:00:00Z,3 PM,4 PM,13.4,14,mph,NW
hourly,2026-09-28T07:19:06Z,2026-09-28T08:19:06Z,126,America/Chicago,2026-10-02,2026-10-02T20:00:00Z,2026-10-02T21:00:00Z,3 PM,4 PM,12.9,13,mph,S
hourly,2026-09-28T07:19:06Z,2026-09-28T08:19:06Z,126,America/Chicago,2026-10-03,2026-10-03T22:00:00Z,2026-10-03T23:00:00Z,5 PM,6 PM,9.6,14,mph,NW
hourly,2026-09-28T07:19:07Z,2026-09-28T08:19:07Z,258,America/Chicago,2026-09-28,2026-09-28T17:00:00Z,2026-09-28T18:00:00Z,12 PM,1 PM,3.6,10,mph,SSE
hourly,2026-09-28T07:19:07Z,2026-09-28T08:19:07Z,258,America/Chicago,2026-09-29,2026-09-29T21:00:00Z,2026-09-29T22:00:00Z,4 PM,5 PM,2.6,7,mph,SSW
hourly,2026-09-28T07:19:07Z,2026-09-28T08:19:07Z,258,America/Chicago,2026-09-30,2026-09-30T20:00:00Z,2026-09-30T21:00:00Z,3 PM,4 PM,9.3,9,mph,WSW
hourly,2026-09-28T07:19:07Z,2026-09-28T08:19:07Z,258,America/Chicago,2026-10-01,2026-10-01T20:00:00Z,2026-10-01T21:00:00Z,3 PM,4 PM,10.7,16,mph,WNW
hourly,2026-09-28T07:19:07Z,2026-09-28T08:19:07Z,258,America/Chicago,2026-10-02,2026-10-02T19:00:00Z,2026-10-02T20:00:00Z,2 PM,3 PM,10.9,9,mph,W
hourly,2026-09-28T07:19:07Z,2026-09-28T08:19:07Z,258,America/Chicago,2026-10-03,2026-10-03T19:00:00Z,2026-10-03T20:00:00Z,2 PM,3 PM,8.2,15,mph,S
hourly,2026-09-28T07:19:08Z,2026-09-28T08:19:07Z,223,America/Chicago,2026-09-28,2026-09-28T21:00:00Z,2026-09-28T22:00:00Z,4 PM,5 PM,5.2,6,mph,S
hourly,2026-09-28T07:19:08Z,2026-09-28T08:19:07Z,223,America/Chicago,2026-09-29,2026-09-29T20:00:00Z,2026-09-29T21:00:00Z,3 PM,4 PM,6.5,13,mph,S
hourly,2026-09-28T07:19:08Z,2026-09-28T08:19:07Z,223,America/Chicago,2026-09-30,2026-09-30T19:00:00Z,2026-09-30T20:00:00Z,2 PM,3 PM,2,12,mph,S
hourly,2026-09-28T07:19:08Z,2026-09-28T08:19:07Z,223,America/Chicago,2026-10-01,2026-10-01T19:00:00Z,2026-10-01T20:00:00Z,2 PM,3 PM,7.6,13,mph,NW
hourly,2026-09-28T07:19:08Z,2026-09-28T08:19:07Z,223,America/Chicago,2026-10-02,2026-10-02T19:00:00Z,2026-10-02T20:00:00Z,2 PM,3 PM,8.7,6,mph,NW
hourly,2026-09-28T07:19:08Z,2026-09-28T08:19:07Z,223,America/Chicago,2026-10-03,2026-10-03T19:00:00Z,2026-10-03T20:00:00Z,2 PM,3 PM,6.9,9,mph,S
hourly,2026-09-28T07:19:08Z,2026-09-28T08:19:08Z,167,America/Chicago,2026-09-28,2026-09-28T22:00:00Z,2026-09-28T23:00:00Z,5 PM,6 PM,3.1,6,mph,E
hourly,2026-09-28T07:19:08Z,2026-09-28T08:19:08Z,167,America/Chicago,2026-09-29,2026-09-29T22:00:00Z,2026-09-29T23:00:00Z,5 PM,6 PM,16,17,mph,SW
hourly,2026-09-28T07:19:08Z,2026-09-28T08:19:08Z,167,America/Chicago,2026-09-30,2026-09-30T20:00:00Z,2026-09-30T21:00:00Z,3 PM,4 PM,12.5,22,mph,NW
hourly,2026-09-28T07:19:08Z,2026-09-28T08:19:08Z,167,America/Chicago,2026-10-01,2026-10-01T20:00:00Z,2026-10-01T21:00:00Z,3 PM,4 PM,13.6,15,mph,W
hourly,2026-09-28T07:19:08Z,2026-09-28T08:19:08Z,167,America/Chicago,2026-10-02,2026-10-02T20:00:00Z,2026-10-02T21:00:00Z,3 PM,4 PM,13,16,mph,S
hourly,2026-09-28T07:19:08Z,2026-09-28T08:19:08Z,167,America/Chicago,2026-10-03,2026-10-03T20:00:00Z,2026-10-03T21:00:00Z,3 PM,4 PM,10.5,15,mph,NW
hourly,2026-09-28T07:19:09Z,2026-09-28T08:19:09Z,93,America/Chicago,2026-09-28,2026-09-28T18:00:00Z,2026-09-28T19:00:00Z,1 PM,2 PM,3.6,8,mph,ESE
hourly,2026-09-28T07:19:09Z,2026-09-28T08:19:09Z,93,America/Chicago,2026-09-29,2026-09-29T22:00:00Z,2026-09-29T23:00:00Z,5 PM,6 PM,4.5,8,mph,SW
hourly,2026-09-28T07:19:09Z,2026-09-28T08:19:09Z,93,America/Chicago,2026-09-30,2026-09-30T21:00:00Z,2026-09-30T22:00:00Z,4 PM,5 PM,11.5,13,mph,W
hourly,2026-09-28T07:19:09Z,2026-09-28T08:19:09Z,93,America/Chicago,2026-10-01,2026-10-01T20:00:00Z,2026-10-01T21:00:00Z,3 PM,4 PM,10.7,20,mph,WNW
hourly,2026-09-28T07:19:09Z,2026-09-28T08:19:09Z,93,America/Chicago,2026-10-02,2026-10-02T20:00:00Z,2026-10-02T21:00:00Z,3 PM,4 PM,11.1,10,mph,W
hourly,2026-09-28T07:19:09Z,2026-09-28T08:19:09Z,93,America/Chicago,2026-10-03,2026-10-03T21:00:00Z,2026-10-03T22:00:00Z,4 PM,5 PM,8.4,14,mph,S
hourly,2026-09-28T07:19:10Z,2026-09-28T08:19:10Z,183,America/Chicago,2026-09-28,2026-09-28T20:00:00Z,2026-09-28T21:00:00Z,3 PM,4 PM,4,16,mph,S
hourly,2026-09-28T07:19:10Z,2026-09-28T08:19:10Z,183,America/Chicago,2026-09-29,2026-09-29T19:00:00Z,2026-09-29T20:00:00Z,2 PM,3 PM,1.4,10,mph,S
hourly,2026-09-28T07:19:10Z,2026-09-28T08:19:10Z,183,America/Chicago,2026-09-30,2026-09-30T21:00:00Z,2026-09-30T22:00:00Z,4 PM,5 PM,9,7,mph,WSW
hourly,2026-09-28T07:19:10Z,2026-09-28T08:19:10Z,183,America/Chicago,2026-10-01,2026-10-01T20:00:00Z,2026-10-01T21:00:00Z,3 PM,4 PM,12.4,15,mph,NW
hourly,2026-09-28T07:19:10Z,2026-09-28T08:19:10Z,183,America/Chicago,2026-10-02,2026-10-02T19:00:00Z,2026-10-02T20:00:00Z,2 PM,3 PM,11.7,9,mph,W
hourly,2026-09-28T07:19:10Z,2026-09-28T08:19:10Z,183,America/Chicago,2026-10-03,2026-10-03T20:00:00Z,2026-10-03T21:00:00Z,3 PM,4 PM,8.4,16,mph,S
hourly,2026-09-28T07:19:11Z,2026-09-28T08:19:11Z,90,America/Denver,2026-09-28,2026-09-28T23:00:00Z,2026-09-29T00:00:00Z,5 PM,6 PM,7.7,3,mph,E
hourly,2026-09-28T07:19:11Z,2026-09-28T08:19:11Z,90,America/Denver,2026-09-29,2026-09-29T21:00:00Z,2026-09-29T22:00:00Z,3 PM,4 PM,19.1,17,mph,WSW
hourly,2026-09-28T07:19:11Z,2026-09-28T08:19:11Z,90,America/Denver,2026-09-30,2026-09-30T22:00:00Z,2026-09-30T23:00:00Z,4 PM,5 PM,13.6,17,mph,NW
hourly,2026-09-28T07:19:11Z,2026-09-28T08:19:11Z,90,America/Denver,2026-10-01,2026-10-01T21:00:00Z,2026-10-01T22:00:00Z,3 PM,4 PM,15.1,10,mph,WNW
hourly,2026-09-28T07:19:11Z,2026-09-28T08:19:11Z,90,America/Denver,2026-10-02,2026-10-02T21:00:00Z,2026-10-02T22:00:00Z,3 PM,4 PM,14.2,12,mph,SSE
hourly,2026-09-28T07:19:11Z,2026-09-28T08:19:11Z,90,America/Denver,2026-10-03,2026-10-03T22:00:00Z,2026-10-03T23:00:00Z,4 PM,5 PM,11.4,12,mph,NNW
hourly,2026-09-28T07:19:12Z,2026-09-28T08:19:12Z,25,America/Chicago,2026-09-28,2026-09-28T11:00:00Z,2026-09-28T12:00:00Z,6 AM,7 AM,1.6,6,mph,E
hourly,2026-09-28T07:19:12Z,2026-09-28T08:19:12Z,25,America/Chicago,2026-09-29,2026-09-29T22:00:00Z,2026-09-29T23:00:00Z,5 PM,6 PM,5.8,7,mph,SSW
hourly,2026-09-28T07:19:12Z,2026-09-28T08:19:12Z,25,America/Chicago,2026-09-30,2026-09-30T20:00:00Z,2026-09-30T21:00:00Z,3 PM,4 PM,12.2,14,mph,W
hourly,2026-09-28T07:19:12Z,2026-09-28T08:19:12Z,25,America/Chicago,2026-10-01,2026-10-01T20:00:00Z,2026-10-01T21:00:00Z,3 PM,4 PM,13.1,21,mph,WNW
hourly,2026-09-28T07:19:12Z,2026-09-28T08:19:12Z,25,America/Chicago,2026-10-02,2026-10-02T20:00:00Z,2026-10-02T21:00:00Z,3 PM,4 PM,12.2,15,mph,SW
hourly,2026-09-28T07:19:12Z,2026-09-28T08:19:12Z,25,America/Chicago,2026-10-03,2026-10-03T20:00:00Z,2026-10-03T21:00:00Z,3 PM,4 PM,9.9,20,mph,S
hourly,2026-09-28T07:19:13Z,2026-09-28T08:19:13Z,205,America/Chicago,2026-09-28,2026-09-28T12:00:00Z,2026-09-28T13:00:00Z,7 AM,8 AM,2.1,6,mph,E
hourly,2026-09-28T07:19:13Z,2026-09-28T08:19:13Z,205,America/Chicago,2026-09-29,2026-09-29T22:00:00Z,2026-09-29T23:00:00Z,5 PM,6 PM,5.9,7,mph,S
hourly,2026-09-28T07:19:13Z,2026-09-28T08:19:13Z,205,America/Chicago,2026-09-30,2026-09-30T21:00:00Z,2026-09-30T22:00:00Z,4 PM,5 PM,11.6,12,mph,W
hourly,2026-09-28T07:19:13Z,2026-09-28T08:19:13Z,205,America/Chicago,2026-10-01,2026-10-01T20:00:00Z,2026-10-01T21:00:00Z,3 PM,4 PM,13.3,20,mph,NW
hourly,2026-09-28T07:19:13Z,2026-09-28T08:19:13Z,205,America/Chicago,2026-10-02,2026-10-02T19:00:00Z,2026-10-02T20:00:00Z,2 PM,3 PM,12.8,13,mph,WSW
hourly,2026-09-28T07:19:13Z,2026-09-28T08:19:13Z,205,America/Chicago,2026-10-03,2026-10-03T20:00:00Z,2026-10-03T21:00:00Z,3 PM,4 PM,9.4,20,mph,S
hourly,2026-09-28T07:19:14Z,2026-09-28T08:19:14Z,83,America/Chicago,2026-09-28,2026-09-28T11:00:00Z,2026-09-28T12:00:00Z,6 AM,7 AM,2.2,12,mph,E
hourly,2026-09-28T07:19:14Z,2026-09-28T08:19:14Z,83,America/Chicago,2026-09-29,2026-09-29T22:00:00Z,2026-09-29T23:00:00Z,5 PM,6 PM,12.5,12,mph,SW
hourly,2026-09-28T07:19:14Z,2026-09-28T08:19:14Z,83,America/Chicago,2026-09-30,2026-09-30T21:00:00Z,2026-09-30T22:00:00Z,4 PM,5 PM,13.6,17,mph,NW
hourly,2026-09-28T07:19:14Z,2026-09-28T08:19:14Z,83,America/Chicago,2026-10-01,2026-10-01T20:00:00Z,2026-10-01T21:00:00Z,3 PM,4 PM,14.1,13,mph,W
hourly,2026-09-28T07:19:14Z,2026-09-28T08:19:14Z,83,America/Chicago,2026-10-02,2026-10-02T20:00:00Z,2026-10-02T21:00:00Z,3 PM,4 PM,13.1,13,mph,S
hourly,2026-09-28T07:19:14Z,2026-09-28T08:19:14Z,83,America/Chicago,2026-10-03,2026-10-03T20:00:00Z,2026-10-03T21:00:00Z,3 PM,4 PM,10.3,12,mph,W
hourly,2026-09-28T07:19:14Z,2026-09-28T08:19:14Z,243,America/Chicago,2026-09-28,2026-09-28T20:00:00Z,2026-09-28T21:00:00Z,3 PM,4 PM,4.7,10,mph,SSE
hourly,2026-09-28T07:19:14Z,2026-09-28T08:19:14Z,243,America/Chicago,2026-09-29,2026-09-29T19:00:00Z,2026-09-29T20:00:00Z,2 PM,3 PM,5.2,15,mph,S
hourly,2026-09-28T07:19:14Z,2026-09-28T08:19:14Z,243,America/Chicago,2026-09-30,2026-09-30T19:00:00Z,2026-09-30T20:00:00Z,2 PM,3 PM,2,10,mph,S
hourly,2026-09-28T07:19:14Z,2026-09-28T08:19:14Z,243,America/Chicago,2026-10-01,2026-10-01T19:00:00Z,2026-10-01T20:00:00Z,2 PM,3 PM,8.4,15,mph,NNW
hourly,2026-09-28T07:19:14Z,2026-09-28T08:19:14Z,243,America/Chicago,2026-10-02,2026-10-02T19:00:00Z,2026-10-02T20:00:00Z,2 PM,3 PM,9.3,5,mph,NNW
hourly,2026-09-28T07:19:14Z,2026-09-28T08:19:14Z,243,America/Chicago,2026-10-03,2026-10-03T19:00:00Z,2026-10-03T20:00:00Z,2 PM,3 PM,7.5,10,mph,S
hourly,2026-09-28T07:19:15Z,2026-09-28T08:19:15Z,107,America/Chicago,2026-09-28,2026-09-28T19:00:00Z,2026-09-28T20:00:00Z,2 PM,3 PM,2.4,8,mph,E
hourly,2026-09-28T07:19:15Z,2026-09-28T08:19:15Z,107,America/Chicago,2026-09-29,2026-09-29T21:00:00Z,2026-09-29T22:00:00Z,4 PM,5 PM,10.9,12,mph,SW
hourly,2026-09-28T07:19:15Z,2026-09-28T08:19:15Z,107,America/Chicago,2026-09-30,2026-09-30T20:00:00Z,2026-09-30T21:00:00Z,3 PM,4 PM,12,17,mph,NW
hourly,2026-09-28T07:19:15Z,2026-09-28T08:19:15Z,107,America/Chicago,2026-10-01,2026-10-01T20:00:00Z,2026-10-01T21:00:00Z,3 PM,4 PM,13.3,13,mph,NW
hourly,2026-09-28T07:19:15Z,2026-09-28T08:19:15Z,107,America/Chicago,2026-10-02,2026-10-02T20:00:00Z,2026-10-02T21:00:00Z,3 PM,4 PM,12.5,12,mph,S
hourly,2026-09-28T07:19:15Z,2026-09-28T08:19:15Z,107,America/Chicago,2026-10-03,2026-10-03T20:00:00Z,2026-10-03T21:00:00Z,3 PM,4 PM,9.3,10,mph,W
hourly,2026-09-28T07:19:16Z,2026-09-28T08:19:16Z,267,America/Chicago,2026-09-28,2026-09-28T21:00:00Z,2026-09-28T22:00:00Z,4 PM,5 PM,4.6,10,mph,S
hourly,2026-09-28T07:19:16Z,2026-09-28T08:19:16Z,267,America/Chicago,2026-09-29,2026-09-29T21:00:00Z,2026-09-29T22:00:00Z,4 PM,5 PM,1.4,10,mph,SSE
hourly,2026-09-28T07:19:16Z,2026-09-28T08:19:16Z,267,America/Chicago,2026-09-30,2026-09-30T21:00:00Z,2026-09-30T22:00:00Z,4 PM,5 PM,5.2,5,mph,WNW
hourly,2026-09-28T07:19:16Z,2026-09-28T08:19:16Z,267,America/Chicago,2026-10-01,2026-10-01T19:00:00Z,2026-10-01T20:00:00Z,2 PM,3 PM,10.1,15,mph,NNW
hourly,2026-09-28T07:19:16Z,2026-09-28T08:19:16Z,267,America/Chicago,2026-10-02,2026-10-02T19:00:00Z,2026-10-02T20:00:00Z,2 PM,3 PM,9.7,5,mph,W
hourly,2026-09-28T07:19:16Z,2026-09-28T08:19:16Z,267,America/Chicago,2026-10-03,2026-10-03T20:00:00Z,2026-10-03T21:00:00Z,3 PM,4 PM,6.9,15,mph,S
hourly,2026-09-28T07:19:17Z,2026-09-28T08:19:17Z,156,America/Chicago,2026-09-28,2026-09-28T19:00:00Z,2026-09-28T20:00:00Z,2 PM,3 PM,3.3,16,mph,S
hourly,2026-09-28T07:19:17Z,2026-09-28T08:19:17Z,156,America/Chicago,2026-09-29,2026-09-29T22:00:00Z,2026-09-29T23:00:00Z,5 PM,6 PM,3.3,5,mph,S
hourly,2026-09-28T07:19:17Z,2026-09-28T08:19:17Z,156,America/Chicago,2026-09-30,2026-09-30T21:00:00Z,2026-09-30T22:00:00Z,4 PM,5 PM,10,7,mph,WSW
hourly,2026-09-28T07:19:17Z,2026-09-28T08:19:17Z,156,America/Chicago,2026-10-01,2026-10-01T20:00:00Z,2026-10-01T21:00:00Z,3 PM,4 PM,11.9,15,mph,NW
hourly,2026-09-28T07:19:17Z,2026-09-28T08:19:17Z,156,America/Chicago,2026-10-02,2026-10-02T20:00:00Z,2026-10-02T21:00:00Z,3 PM,4 PM,11.6,9,mph,WSW
hourly,2026-09-28T07:19:17Z,2026-09-28T08:19:17Z,156,America/Chicago,2026-10-03,2026-10-03T20:00:00Z,2026-10-03T21:00:00Z,3 PM,4 PM,8.9,16,mph,S
hourly,2026-09-28T07:19:18Z,2026-09-28T08:19:18Z,238,America/Chicago,2026-09-28,2026-09-28T20:00:00Z,2026-09-28T21:00:00Z,3 PM,4 PM,4.6,10,mph,SSE
hourly,2026-09-28T07:19:18Z,2026-09-28T08:19:18Z,238,America/Chicago,2026-09-29,2026-09-29T17:00:00Z,2026-09-29T18:00:00Z,12 PM,1 PM,2.6,15,mph,S
hourly,2026-09-28T07:19:18Z,2026-09-28T08:19:18Z,238,America/Chicago,2026-09-30,2026-09-30T20:00:00Z,2026-09-30T21:00:00Z,3 PM,4 PM,2.7,5,mph,S
hourly,2026-09-28T07:19:18Z,2026-09-28T08:19:18Z,238,America/Chicago,2026-10-01,2026-10-01T19:00:00Z,2026-10-01T20:00:00Z,2 PM,3 PM,8.8,15,mph,NNW
hourly,2026-09-28T07:19:18Z,2026-09-28T08:19:18Z,238,America/Chicago,2026-10-02,2026-10-02T20:00:00Z,2026-10-02T21:00:00Z,3 PM,4 PM,9.9,5,mph,NNW
hourly,2026-09-28T07:19:18Z,2026-09-28T08:19:18Z,238,America/Chicago,2026-10-03,2026-10-03T19:00:00Z,2026-10-03T20:00:00Z,2 PM,3 PM,6.9,15,mph,S
hourly,2026-09-28T07:19:19Z,2026-09-28T08:19:19Z,77,America/Chicago,2026-09-28,2026-09-28T11:00:00Z,2026-09-28T12:00:00Z,6 AM,7 AM,1.6,3,mph,E
hourly,2026-09-28T07:19:19Z,2026-09-28T08:19:19Z,77,America/Chicago,2026-09-29,2026-09-29T21:00:00Z,2026-09-29T22:00:00Z,4 PM,5 PM,3.2,6,mph,SW
hourly,2026-09-28T07:19:19Z,2026-09-28T08:19:19Z,77,America/Chicago,2026-09-30,2026-09-30T21:00:00Z,2026-09-30T22:00:00Z,4 PM,5 PM,10.1,13,mph,WNW
hourly,2026-09-28T07:19:19Z,2026-09-28T08:19:19Z,77,America/Chicago,2026-10-01,2026-10-01T20:00:00Z,2026-10-01T21:00:00Z,3 PM,4 PM,11,18,mph,WNW
hourly,2026-09-28T07:19:19Z,2026-09-28T08:19:19Z,77,America/Chicago,2026-10-02,2026-10-02T20:00:00Z,2026-10-02T21:00:00Z,3 PM,4 PM,9.2,10,mph,WSW
hourly,2026-09-28T07:19:19Z,2026-09-28T08:19:19Z,77,America/Chicago,2026-10-03,2026-10-03T20:00:00Z,2026-10-03T21:00:00Z,3 PM,4 PM,6.2,16,mph,S
hourly,2026-09-28T07:19:19Z,2026-09-28T08:19:19Z,26,America/Chicago,2026-09-28,2026-09-28T11:00:00Z,2026-09-28T12:00:00Z,6 AM,7 AM,1.1,5,mph,E
hourly,2026-09-28T07:19:19Z,2026-09-28T08:19:19Z,26,America/Chicago,2026-09-29,2026-09-29T22:00:00Z,2026-09-29T23:00:00Z,5 PM,6 PM,4.7,6,mph,SSW
hourly,2026-09-28T07:19:19Z,2026-09-28T08:19:19Z,26,America/Chicago,2026-09-30,2026-09-30T21:00:00Z,2026-09-30T22:00:00Z,4 PM,5 PM,10.9,12,mph,W
hourly,2026-09-28T07:19:19Z,2026-09-28T08:19:19Z,26,America/Chicago,2026-10-01,2026-10-01T20:00:00Z,2026-10-01T21:00:00Z,3 PM,4 PM,11.7,18,mph,WNW
hourly,2026-09-28T07:19:19Z,2026-09-28T08:19:19Z,26,America/Chicago,2026-10-02,2026-10-02T20:00:00Z,2026-10-02T21:00:00Z,3 PM,4 PM,10.9,10,mph,SW
hourly,2026-09-28T07:19:19Z,2026-09-28T08:19:19Z,26,America/Chicago,2026-10-03,2026-10-03T20:00:00Z,2026-10-03T21:00:00Z,3 PM,4 PM,7.9,16,mph,S
hourly,2026-09-28T07:19:20Z,2026-09-28T08:19:20Z,155,America/Chicago,2026-09-28,2026-09-28T20:00:00Z,2026-09-28T21:00:00Z,3 PM,4 PM,3.1,6,mph,E
hourly,2026-09-28T07:19:20Z,2026-09-28T08:19:20Z,155,America/Chicago,2026-09-29,2026-09-29T22:00:00Z,2026-09-29T23:00:00Z,5 PM,6 PM,16.7,16,mph,SW
hourly,2026-09-28T07:19:20Z,2026-09-28T08:19:20Z,155,America/Chicago,2026-09-30,2026-09-30T21:00:00Z,2026-09-30T22:00:00Z,4 PM,5 PM,12.9,20,mph,NW
hourly,2026-09-28T07:19:20Z,2026-09-28T08:19:20Z,155,America/Chicago,2026-10-01,2026-10-01T20:00:00Z,2026-10-01T21:00:00Z,3 PM,4 PM,14.7,13,mph,NW
hourly,2026-09-28T07:19:20Z,2026-09-28T08:19:20Z,155,America/Chicago,2026-10-02,2026-10-02T21:00:00Z,2026-10-02T22:00:00Z,4 PM,5 PM,14.1,14,mph,S
hourly,2026-09-28T07:19:20Z,2026-09-28T08:19:20Z,155,America/Chicago,2026-10-03,2026-10-03T22:00:00Z,2026-10-03T23:00:00Z,5 PM,6 PM,11,13,mph,NW
hourly,2026-09-28T07:19:21Z,2026-09-28T08:19:20Z,70,America/Chicago,2026-09-28,2026-09-28T18:00:00Z,2026-09-28T19:00:00Z,1 PM,2 PM,3,10,mph,ESE
hourly,2026-09-28T07:19:21Z,2026-09-28T08:19:20Z,70,America/Chicago,2026-09-29,2026-09-29T22:00:00Z,2026-09-29T23:00:00Z,5 PM,6 PM,4.5,8,mph,SW
hourly,2026-09-28T07:19:21Z,2026-09-28T08:19:20Z,70,America/Chicago,2026-09-30,2026-09-30T22:00:00Z,2026-09-30T23:00:00Z,5 PM,6 PM,11,14,mph,W
hourly,2026-09-28T07:19:21Z,2026-09-28T08:19:20Z,70,America/Chicago,2026-10-01,2026-10-01T20:00:00Z,2026-10-01T21:00:00Z,3 PM,4 PM,11.5,22,mph,WNW
hourly,2026-09-28T07:19:21Z,2026-09-28T08:19:20Z,70,America/Chicago,2026-10-02,2026-10-02T19:00:00Z,2026-10-02T20:00:00Z,2 PM,3 PM,10.8,12,mph,W
hourly,2026-09-28T07:19:21Z,2026-09-28T08:19:20Z,70,America/Chicago,2026-10-03,2026-10-03T19:00:00Z,2026-10-03T20:00:00Z,2 PM,3 PM,8.1,17,mph,S
hourly,2026-09-28T07:19:21Z,2026-09-28T08:19:21Z,127,America/Chicago,2026-09-28,2026-09-28T21:00:00Z,2026-09-28T22:00:00Z,4 PM,5 PM,6.6,5,mph,E
hourly,2026-09-28T07:19:21Z,2026-09-28T08:19:21Z,127,America/Chicago,2026-09-29,2026-09-29T21:00:00Z,2026-09-29T22:00:00Z,4 PM,5 PM,17.9,23,mph,SW
hourly,2026-09-28T07:19:21Z,2026-09-28T08:19:21Z,127,America/Chicago,2026-09-30,2026-09-30T20:00:00Z,2026-09-30T21:00:00Z,3 PM,4 PM,12.4,22,mph,NW
hourly,2026-09-28T07:19:21Z,2026-09-28T08:19:21Z,127,America/Chicago,2026-10-01,2026-10-01T20:00:00Z,2026-10-01T21:00:00Z,3 PM,4 PM,14.1,14,mph,NW
hourly,2026-09-28T07:19:21Z,2026-09-28T08:19:21Z,127,America/Chicago,2026-10-02,2026-10-02T20:00:00Z,2026-10-02T21:00:00Z,3 PM,4 PM,13.5,14,mph,S
hourly,2026-09-28T07:19:21Z,2026-09-28T08:19:21Z,127,America/Chicago,2026-10-03,2026-10-03T22:00:00Z,2026-10-03T23:00:00Z,5 PM,6 PM,10.1,15,mph,NW
hourly,2026-09-28T07:19:22Z,2026-09-28T08:19:22Z,266,America/Denver,2026-09-28,2026-09-28T20:00:00Z,2026-09-28T21:00:00Z,2 PM,3 PM,7.8,7,mph,S
hourly,2026-09-28T07:19:22Z,2026-09-28T08:19:22Z,266,America/Denver,2026-09-29,2026-09-29T21:00:00Z,2026-09-29T22:00:00Z,3 PM,4 PM,18.3,12,mph,W
hourly,2026-09-28T07:19:22Z,2026-09-28T08:19:22Z,266,America/Denver,2026-09-30,2026-09-30T20:00:00Z,2026-09-30T21:00:00Z,2 PM,3 PM,17.1,23,mph,NW
hourly,2026-09-28T07:19:22Z,2026-09-28T08:19:22Z,266,America/Denver,2026-10-01,2026-10-01T20:00:00Z,2026-10-01T21:00:00Z,2 PM,3 PM,15.5,12,mph,W
hourly,2026-09-28T07:19:22Z,2026-09-28T08:19:22Z,266,America/Denver,2026-10-02,2026-10-02T20:00:00Z,2026-10-02T21:00:00Z,2 PM,3 PM,16.6,17,mph,SE
hourly,2026-09-28T07:19:22Z,2026-09-28T08:19:22Z,266,America/Denver,2026-10-03,2026-10-03T21:00:00Z,2026-10-03T22:00:00Z,3 PM,4 PM,14.2,16,mph,NW
hourly,2026-09-28T07:19:23Z,2026-09-28T08:19:23Z,249,America/Chicago,2026-09-28,2026-09-28T21:00:00Z,2026-09-28T22:00:00Z,4 PM,5 PM,3.1,7,mph,E
hourly,2026-09-28T07:19:23Z,2026-09-28T08:19:23Z,249,America/Chicago,2026-09-29,2026-09-29T21:00:00Z,2026-09-29T22:00:00Z,4 PM,5 PM,16.9,15,mph,SW
hourly,2026-09-28T07:19:23Z,2026-09-28T08:19:23Z,249,America/Chicago,2026-09-30,2026-09-30T21:00:00Z,2026-09-30T22:00:00Z,4 PM,5 PM,14.8,21,mph,NW
hourly,2026-09-28T07:19:23Z,2026-09-28T08:19:23Z,249,America/Chicago,2026-10-01,2026-10-01T20:00:00Z,2026-10-01T21:00:00Z,3 PM,4 PM,15.4,15,mph,NW
hourly,2026-09-28T07:19:23Z,2026-09-28T08:19:23Z,249,America/Chicago,2026-10-02,2026-10-02T20:00:00Z,2026-10-02T21:00:00Z,3 PM,4 PM,14,17,mph,S
hourly,2026-09-28T07:19:23Z,2026-09-28T08:19:23Z,249,America/Chicago,2026-10-03,2026-10-03T22:00:00Z,2026-10-03T23:00:00Z,5 PM,6 PM,12.4,14,mph,NW
hourly,2026-09-28T07:19:23Z,2026-09-28T08:19:23Z,144,America/Chicago,2026-09-28,2026-09-28T22:00:00Z,2026-09-28T23:00:00Z,5 PM,6 PM,5.5,5,mph,E
hourly,2026-09-28T07:19:23Z,2026-09-28T08:19:23Z,144,America/Chicago,2026-09-29,2026-09-29T21:00:00Z,2026-09-29T22:00:00Z,4 PM,5 PM,17,23,mph,SW
hourly,2026-09-28T07:19:23Z,2026-09-28T08:19:23Z,144,America/Chicago,2026-09-30,2026-09-30T20:00:00Z,2026-09-30T21:00:00Z,3 PM,4 PM,11.7,22,mph,NW
hourly,2026-09-28T07:19:23Z,2026-09-28T08:19:23Z,144,America/Chicago,2026-10-01,2026-10-01T21:00:00Z,2026-10-01T22:00:00Z,4 PM,5 PM,14.1,14,mph,NW
hourly,2026-09-28T07:19:23Z,2026-09-28T08:19:23Z,144,America/Chicago,2026-10-02,2026-10-02T20:00:00Z,2026-10-02T21:00:00Z,3 PM,4 PM,12.1,15,mph,S
hourly,2026-09-28T07:19:23Z,2026-09-28T08:19:23Z,144,America/Chicago,2026-10-03,2026-10-03T20:00:00Z,2026-10-03T21:00:00Z,3 PM,4 PM,9.5,15,mph,NW
hourly,2026-09-28T07:19:24Z,2026-09-28T08:19:24Z,27,America/Chicago,2026-09-28,2026-09-28T12:00:00Z,2026-09-28T13:00:00Z,7 AM,8 AM,3.3,12,mph,E
hourly,2026-09-28T07:19:24Z,2026-09-28T08:19:24Z,27,America/Chicago,2026-09-29,2026-09-29T22:00:00Z,2026-09-29T23:00:00Z,5 PM,6 PM,7.6,7,mph,SW
hourly,2026-09-28T07:19:24Z,2026-09-28T08:19:24Z,27,America/Chicago,2026-09-30,2026-09-30T20:00:00Z,2026-09-30T21:00:00Z,3 PM,4 PM,10.9,16,mph,NW
hourly,2026-09-28T07:19:24Z,2026-09-28T08:19:24Z,27,America/Chicago,2026-10-01,2026-10-01T20:00:00Z,2026-10-01T21:00:00Z,3 PM,4 PM,12.1,15,mph,NW
hourly,2026-09-28T07:19:24Z,2026-09-28T08:19:24Z,27,America/Chicago,2026-10-02,2026-10-02T20:00:00Z,2026-10-02T21:00:00Z,3 PM,4 PM,11.5,14,mph,S
hourly,2026-09-28T07:19:24Z,2026-09-28T08:19:24Z,27,America/Chicago,2026-10-03,2026-10-03T21:00:00Z,2026-10-03T22:00:00Z,4 PM,5 PM,8.4,13,mph,SW
hourly,2026-09-28T07:19:24Z,2026-09-28T08:19:24Z,173,America/Chicago,2026-09-28,2026-09-28T20:00:00Z,2026-09-28T21:00:00Z,3 PM,4 PM,6,5,mph,S
hourly,2026-09-28T07:19:24Z,2026-09-28T08:19:24Z,173,America/Chicago,2026-09-29,2026-09-29T17:00:00Z,2026-09-29T18:00:00Z,12 PM,1 PM,5.7,10,mph,S
hourly,2026-09-28T07:19:24Z,2026-09-28T08:19:24Z,173,America/Chicago,2026-09-30,2026-09-30T19:00:00Z,2026-09-30T20:00:00Z,2 PM,3 PM,2.7,5,mph,SSW
hourly,2026-09-28T07:19:24Z,2026-09-28T08:19:24Z,173,America/Chicago,2026-10-01,2026-10-01T20:00:00Z,2026-10-01T21:00:00Z,3 PM,4 PM,9.5,10,mph,NW
hourly,2026-09-28T07:19:24Z,2026-09-28T08:19:24Z,173,America/Chicago,2026-10-02,2026-10-02T19:00:00Z,2026-10-02T20:00:00Z,2 PM,3 PM,9.8,5,mph,NW
hourly,2026-09-28T07:19:24Z,2026-09-28T08:19:24Z,173,America/Chicago,2026-10-03,2026-10-03T20:00:00Z,2026-10-03T21:00:00Z,3 PM,4 PM,8.2,10,mph,S
hourly,2026-09-28T07:19:25Z,2026-09-28T08:19:25Z,132,America/Chicago,2026-09-28,2026-09-28T22:00:00Z,2026-09-28T23:00:00Z,5 PM,6 PM,3,7,mph,E
hourly,2026-09-28T07:19:25Z,2026-09-28T08:19:25Z,132,America/Chicago,2026-09-29,2026-09-29T22:00:00Z,2026-09-29T23:00:00Z,5 PM,6 PM,16.4,18,mph,SW
hourly,2026-09-28T07:19:25Z,2026-09-28T08:19:25Z,132,America/Chicago,2026-09-30,2026-09-30T21:00:00Z,2026-09-30T22:00:00Z,4 PM,5 PM,12.2,21,mph,NW
hourly,2026-09-28T07:19:25Z,2026-09-28T08:19:25Z,132,America/Chicago,2026-10-01,2026-10-01T20:00:00Z,2026-10-01T21:00:00Z,3 PM,4 PM,12.9,14,mph,W
hourly,2026-09-28T07:19:25Z,2026-09-28T08:19:25Z,132,America/Chicago,2026-10-02,2026-10-02T20:00:00Z,2026-10-02T21:00:00Z,3 PM,4 PM,12.6,15,mph,S
hourly,2026-09-28T07:19:25Z,2026-09-28T08:19:25Z,132,America/Chicago,2026-10-03,2026-10-03T20:00:00Z,2026-10-03T21:00:00Z,3 PM,4 PM,9.9,14,mph,NW
hourly,2026-09-28T07:19:26Z,2026-09-28T08:19:26Z,28,America/North_Dakota/Beulah,2026-09-28,2026-09-28T21:00:00Z,2026-09-28T22:00:00Z,4 PM,5 PM,3.8,5,mph,E
hourly,2026-09-28T07:19:26Z,2026-09-28T08:19:26Z,28,America/North_Dakota/Beulah,2026-09-29,2026-09-29T22:00:00Z,2026-09-29T23:00:00Z,5 PM,6 PM,15.1,9,mph,SW
hourly,2026-09-28T07:19:26Z,2026-09-28T08:19:26Z,28,America/North_Dakota/Beulah,2026-09-30,2026-09-30T21:00:00Z,2026-09-30T22:00:00Z,4 PM,5 PM,15.3,17,mph,NW
hourly,2026-09-28T07:19:26Z,2026-09-28T08:19:26Z,28,America/North_Dakota/Beulah,2026-10-01,2026-10-01T20:00:00Z,2026-10-01T21:00:00Z,3 PM,4 PM,15.9,13,mph,NW
hourly,2026-09-28T07:19:26Z,2026-09-28T08:19:26Z,28,America/North_Dakota/Beulah,2026-10-02,2026-10-02T20:00:00Z,2026-10-02T21:00:00Z,3 PM,4 PM,15,14,mph,S
hourly,2026-09-28T07:19:26Z,2026-09-28T08:19:26Z,28,America/North_Dakota/Beulah,2026-10-03,2026-10-03T22:00:00Z,2026-10-03T23:00:00Z,5 PM,6 PM,13.3,9,mph,NW
hourly,2026-09-28T07:19:27Z,2026-09-28T08:19:27Z,237,America/Chicago,2026-09-28,2026-09-28T11:00:00Z,2026-09-28T12:00:00Z,6 AM,7 AM,3.9,13,mph,SE
hourly,2026-09-28T07:19:27Z,2026-09-28T08:19:27Z,237,America/Chicago,2026-09-29,2026-09-29T21:00:00Z,2026-09-29T22:00:00Z,4 PM,5 PM,5.7,8,mph,W
hourly,2026-09-28T07:19:27Z,2026-09-28T08:19:27Z,237,America/Chicago,2026-09-30,2026-09-30T21:00:00Z,2026-09-30T22:00:00Z,4 PM,5 PM,10.5,17,mph,NW
hourly,2026-09-28T07:19:27Z,2026-09-28T08:19:27Z,237,America/Chicago,2026-10-01,2026-10-01T20:00:00Z,2026-10-01T21:00:00Z,3 PM,4 PM,11.7,16,mph,NW
hourly,2026-09-28T07:19:27Z,2026-09-28T08:19:27Z,237,America/Chicago,2026-10-02,2026-10-02T20:00:00Z,2026-10-02T21:00:00Z,3 PM,4 PM,10.4,16,mph,S
hourly,2026-09-28T07:19:27Z,2026-09-28T08:19:27Z,237,America/Chicago,2026-10-03,2026-10-03T20:00:00Z,2026-10-03T21:00:00Z,3 PM,4 PM,7.9,16,mph,SW
hourly,2026-09-28T07:19:27Z,2026-09-28T08:19:27Z,195,America/Chicago,2026-09-28,2026-09-28T21:00:00Z,2026-09-28T22:00:00Z,4 PM,5 PM,3.9,5,mph,S
hourly,2026-09-28T07:19:27Z,2026-09-28T08:19:27Z,195,America/Chicago,2026-09-29,2026-09-29T22:00:00Z,2026-09-29T23:00:00Z,5 PM,6 PM,15.3,8,mph,SW
hourly,2026-09-28T07:19:27Z,2026-09-28T08:19:27Z,195,America/Chicago,2026-09-30,2026-09-30T21:00:00Z,2026-09-30T22:00:00Z,4 PM,5 PM,14.4,20,mph,NW
hourly,2026-09-28T07:19:27Z,2026-09-28T08:19:27Z,195,America/Chicago,2026-10-01,2026-10-01T20:00:00Z,2026-10-01T21:00:00Z,3 PM,4 PM,15,12,mph,NW
hourly,2026-09-28T07:19:27Z,2026-09-28T08:19:27Z,195,America/Chicago,2026-10-02,2026-10-02T20:00:00Z,2026-10-02T21:00:00Z,3 PM,4 PM,14.1,14,mph,S
hourly,2026-09-28T07:19:27Z,2026-09-28T08:19:27Z,195,America/Chicago,2026-10-03,2026-10-03T22:00:00Z,2026-10-03T23:00:00Z,5 PM,6 PM,12.4,9,mph,NW
hourly,2026-09-28T07:19:28Z,2026-09-28T08:19:28Z,185,America/Chicago,2026-09-28,2026-09-28T21:00:00Z,2026-09-28T22:00:00Z,4 PM,5 PM,4.7,14,mph,SSE
hourly,2026-09-28T07:19:28Z,2026-09-28T08:19:28Z,185,America/Chicago,2026-09-29,2026-09-29T22:00:00Z,2026-09-29T23:00:00Z,5 PM,6 PM,3.4,7,mph,SE
hourly,2026-09-28T07:19:28Z,2026-09-28T08:19:28Z,185,America/Chicago,2026-09-30,2026-09-30T21:00:00Z,2026-09-30T22:00:00Z,4 PM,5 PM,9.5,5,mph,SW
hourly,2026-09-28T07:19:28Z,2026-09-28T08:19:28Z,185,America/Chicago,2026-10-01,2026-10-01T20:00:00Z,2026-10-01T21:00:00Z,3 PM,4 PM,13.6,14,mph,NW
hourly,2026-09-28T07:19:28Z,2026-09-28T08:19:28Z,185,America/Chicago,2026-10-02,2026-10-02T20:00:00Z,2026-10-02T21:00:00Z,3 PM,4 PM,12.6,7,mph,WSW
hourly,2026-09-28T07:19:28Z,2026-09-28T08:19:28Z,185,America/Chicago,2026-10-03,2026-10-03T20:00:00Z,2026-10-03T21:00:00Z,3 PM,4 PM,9.4,15,mph,S
hourly,2026-09-28T07:19:29Z,2026-09-28T08:19:29Z,29,America/Denver,2026-09-28,2026-09-28T21:00:00Z,2026-09-28T22:00:00Z,3 PM,4 PM,5.2,6,mph,S
hourly,2026-09-28T07:19:29Z,2026-09-28T08:19:29Z,29,America/Denver,2026-09-29,2026-09-29T21:00:00Z,2026-09-29T22:00:00Z,3 PM,4 PM,14.7,7,mph,W
hourly,2026-09-28T07:19:29Z,2026-09-28T08:19:29Z,29,America/Denver,2026-09-30,2026-09-30T20:00:00Z,2026-09-30T21:00:00Z,2 PM,3 PM,14.9,17,mph,NW
hourly,2026-09-28T07:19:29Z,2026-09-28T08:19:29Z,29,America/Denver,2026-10-01,2026-10-01T20:00:00Z,2026-10-01T21:00:00Z,2 PM,3 PM,13.7,9,mph,NW
hourly,2026-09-28T07:19:29Z,2026-09-28T08:19:29Z,29,America/Denver,2026-10-02,2026-10-02T21:00:00Z,2026-10-02T22:00:00Z,3 PM,4 PM,13.6,16,mph,S
hourly,2026-09-28T07:19:29Z,2026-09-28T08:19:29Z,29,America/Denver,2026-10-03,2026-10-03T20:00:00Z,2026-10-03T21:00:00Z,2 PM,3 PM,11.9,12,mph,NW
hourly,2026-09-28T07:19:29Z,2026-09-28T08:19:29Z,30,America/Chicago,2026-09-28,2026-09-28T12:00:00Z,2026-09-28T13:00:00Z,7 AM,8 AM,1.7,6,mph,E
hourly,2026-09-28T07:19:29Z,2026-09-28T08:19:29Z,30,America/Chicago,2026-09-29,2026-09-29T22:00:00Z,2026-09-29T23:00:00Z,5 PM,6 PM,5.2,7,mph,S
hourly,2026-09-28T07:19:29Z,2026-09-28T08:19:29Z,30,America/Chicago,2026-09-30,2026-09-30T21:00:00Z,2026-09-30T22:00:00Z,4 PM,5 PM,11.1,12,mph,W
hourly,2026-09-28T07:19:29Z,2026-09-28T08:19:29Z,30,America/Chicago,2026-10-01,2026-10-01T20:00:00Z,2026-10-01T21:00:00Z,3 PM,4 PM,12.8,20,mph,WNW
hourly,2026-09-28T07:19:29Z,2026-09-28T08:19:29Z,30,America/Chicago,2026-10-02,2026-10-02T20:00:00Z,2026-10-02T21:00:00Z,3 PM,4 PM,11.6,13,mph,SW
hourly,2026-09-28T07:19:29Z,2026-09-28T08:19:29Z,30,America/Chicago,2026-10-03,2026-10-03T20:00:00Z,2026-10-03T21:00:00Z,3 PM,4 PM,8.9,18,mph,S
hourly,2026-09-28T07:19:30Z,2026-09-28T08:19:30Z,154,America/Chicago,2026-09-28,2026-09-28T21:00:00Z,2026-09-28T22:00:00Z,4 PM,5 PM,3.3,6,mph,E
hourly,2026-09-28T07:19:30Z,2026-09-28T08:19:30Z,154,America/Chicago,2026-09-29,2026-09-29T22:00:00Z,2026-09-29T23:00:00Z,5 PM,6 PM,17.5,13,mph,SW
hourly,2026-09-28T07:19:30Z,2026-09-28T08:19:30Z,154,America/Chicago,2026-09-30,2026-09-30T20:00:00Z,2026-09-30T21:00:00Z,3 PM,4 PM,14.7,21,mph,NW
hourly,2026-09-28T07:19:30Z,2026-09-28T08:19:30Z,154,America/Chicago,2026-10-01,2026-10-01T20:00:00Z,2026-10-01T21:00:00Z,3 PM,4 PM,15.4,13,mph,NW
hourly,2026-09-28T07:19:30Z,2026-09-28T08:19:30Z,154,America/Chicago,2026-10-02,2026-10-02T20:00:00Z,2026-10-02T21:00:00Z,3 PM,4 PM,15,15,mph,S
hourly,2026-09-28T07:19:30Z,2026-09-28T08:19:30Z,154,America/Chicago,2026-10-03,2026-10-03T21:00:00Z,2026-10-03T22:00:00Z,4 PM,5 PM,12.3,13,mph,NW
hourly,2026-09-28T07:19:30Z,2026-09-28T08:19:30Z,31,America/Chicago,2026-09-28,2026-09-28T11:00:00Z,2026-09-28T12:00:00Z,6 AM,7 AM,3.9,13,mph,E
hourly,2026-09-28T07:19:30Z,2026-09-28T08:19:30Z,31,America/Chicago,2026-09-29,2026-09-29T22:00:00Z,2026-09-29T23:00:00Z,5 PM,6 PM,15.7,18,mph,SW
hourly,2026-09-28T07:19:30Z,2026-09-28T08:19:30Z,31,America/Chicago,2026-09-30,2026-09-30T21:00:00Z,2026-09-30T22:00:00Z,4 PM,5 PM,12.1,21,mph,NW
hourly,2026-09-28T07:19:30Z,2026-09-28T08:19:30Z,31,America/Chicago,2026-10-01,2026-10-01T20:00:00Z,2026-10-01T21:00:00Z,3 PM,4 PM,13.1,14,mph,W
hourly,2026-09-28T07:19:30Z,2026-09-28T08:19:30Z,31,America/Chicago,2026-10-02,2026-10-02T20:00:00Z,2026-10-02T21:00:00Z,3 PM,4 PM,12,15,mph,S
hourly,2026-09-28T07:19:30Z,2026-09-28T08:19:30Z,31,America/Chicago,2026-10-03,2026-10-03T22:00:00Z,2026-10-03T23:00:00Z,5 PM,6 PM,9.9,14,mph,NW
hourly,2026-09-28T07:19:31Z,2026-09-28T08:19:31Z,187,America/Chicago,2026-09-28,2026-09-28T21:00:00Z,2026-09-28T22:00:00Z,4 PM,5 PM,4.1,15,mph,SSE
hourly,2026-09-28T07:19:31Z,2026-09-28T08:19:31Z,187,America/Chicago,2026-09-29,2026-09-29T21:00:00Z,2026-09-29T22:00:00Z,4 PM,5 PM,0.6,10,mph,SSE
hourly,2026-09-28T07:19:31Z,2026-09-28T08:19:31Z,187,America/Chicago,2026-09-30,2026-09-30T21:00:00Z,2026-09-30T22:00:00Z,4 PM,5 PM,6,5,mph,WSW
hourly,2026-09-28T07:19:31Z,2026-09-28T08:19:31Z,187,America/Chicago,2026-10-01,2026-10-01T20:00:00Z,2026-10-01T21:00:00Z,3 PM,4 PM,10.8,15,mph,NW
hourly,2026-09-28T07:19:31Z,2026-09-28T08:19:31Z,187,America/Chicago,2026-10-02,2026-10-02T19:00:00Z,2026-10-02T20:00:00Z,2 PM,3 PM,9.9,10,mph,WSW
hourly,2026-09-28T07:19:31Z,2026-09-28T08:19:31Z,187,America/Chicago,2026-10-03,2026-10-03T20:00:00Z,2026-10-03T21:00:00Z,3 PM,4 PM,6.5,15,mph,S
hourly,2026-09-28T07:19:32Z,2026-09-28T08:19:32Z,102,America/Chicago,2026-09-28,2026-09-28T11:00:00Z,2026-09-28T12:00:00Z,6 AM,7 AM,2.1,5,mph,E
hourly,2026-09-28T07:19:32Z,2026-09-28T08:19:32Z,102,America/Chicago,2026-09-29,2026-09-29T22:00:00Z,2026-09-29T23:00:00Z,5 PM,6 PM,5.1,7,mph,SSW
hourly,2026-09-28T07:19:32Z,2026-09-28T08:19:32Z,102,America/Chicago,2026-09-30,2026-09-30T20:00:00Z,2026-09-30T21:00:00Z,3 PM,4 PM,11.5,14,mph,W
hourly,2026-09-28T07:19:32Z,2026-09-28T08:19:32Z,102,America/Chicago,2026-10-01,2026-10-01T20:00:00Z,2026-10-01T21:00:00Z,3 PM,4 PM,12.4,20,mph,WNW
hourly,2026-09-28T07:19:32Z,2026-09-28T08:19:32Z,102,America/Chicago,2026-10-02,2026-10-02T19:00:00Z,2026-10-02T20:00:00Z,2 PM,3 PM,11.2,14,mph,WSW
hourly,2026-09-28T07:19:32Z,2026-09-28T08:19:32Z,102,America/Chicago,2026-10-03,2026-10-03T20:00:00Z,2026-10-03T21:00:00Z,3 PM,4 PM,8.4,18,mph,S
hourly,2026-09-28T07:19:32Z,2026-09-28T08:19:32Z,119,America/Chicago,2026-09-28,2026-09-28T20:00:00Z,2026-09-28T21:00:00Z,3 PM,4 PM,4.6,13,mph,SSE
hourly,2026-09-28T07:19:32Z,2026-09-28T08:19:32Z,119,America/Chicago,2026-09-29,2026-09-29T22:00:00Z,2026-09-29T23:00:00Z,5 PM,6 PM,2,9,mph,S
hourly,2026-09-28T07:19:32Z,2026-09-28T08:19:32Z,119,America/Chicago,2026-09-30,2026-09-30T21:00:00Z,2026-09-30T22:00:00Z,4 PM,5 PM,8.9,8,mph,WSW
hourly,2026-09-28T07:19:32Z,2026-09-28T08:19:32Z,119,America/Chicago,2026-10-01,2026-10-01T19:00:00Z,2026-10-01T20:00:00Z,2 PM,3 PM,10.7,17,mph,NW
hourly,2026-09-28T07:19:32Z,2026-09-28T08:19:32Z,119,America/Chicago,2026-10-02,2026-10-02T20:00:00Z,2026-10-02T21:00:00Z,3 PM,4 PM,10.5,10,mph,W
hourly,2026-09-28T07:19:32Z,2026-09-28T08:19:32Z,119,America/Chicago,2026-10-03,2026-10-03T20:00:00Z,2026-10-03T21:00:00Z,3 PM,4 PM,7.2,16,mph,S
hourly,2026-09-28T07:19:33Z,2026-09-28T08:19:33Z,4,America/Chicago,2026-09-28,2026-09-28T15:00:00Z,2026-09-28T16:00:00Z,10 AM,11 AM,1.6,7,mph,ESE
hourly,2026-09-28T07:19:33Z,2026-09-28T08:19:33Z,4,America/Chicago,2026-09-29,2026-09-29T22:00:00Z,2026-09-29T23:00:00Z,5 PM,6 PM,5.7,6,mph,SSW
hourly,2026-09-28T07:19:33Z,2026-09-28T08:19:33Z,4,America/Chicago,2026-09-30,2026-09-30T21:00:00Z,2026-09-30T22:00:00Z,4 PM,5 PM,11.9,13,mph,WNW
hourly,2026-09-28T07:19:33Z,2026-09-28T08:19:33Z,4,America/Chicago,2026-10-01,2026-10-01T20:00:00Z,2026-10-01T21:00:00Z,3 PM,4 PM,11.7,17,mph,WNW
hourly,2026-09-28T07:19:33Z,2026-09-28T08:19:33Z,4,America/Chicago,2026-10-02,2026-10-02T20:00:00Z,2026-10-02T21:00:00Z,3 PM,4 PM,11.6,9,mph,WSW
hourly,2026-09-28T07:19:33Z,2026-09-28T08:19:33Z,4,America/Chicago,2026-10-03,2026-10-03T20:00:00Z,2026-10-03T21:00:00Z,3 PM,4 PM,8.1,14,mph,S
hourly,2026-09-28T07:19:34Z,2026-09-28T08:19:34Z,217,America/Chicago,2026-09-28,2026-09-28T11:00:00Z,2026-09-28T12:00:00Z,6 AM,7 AM,3.9,12,mph,E
hourly,2026-09-28T07:19:34Z,2026-09-28T08:19:34Z,217,America/Chicago,2026-09-29,2026-09-29T21:00:00Z,2026-09-29T22:00:00Z,4 PM,5 PM,6.4,10,mph,W
hourly,2026-09-28T07:19:34Z,2026-09-28T08:19:34Z,217,America/Chicago,2026-09-30,2026-09-30T21:00:00Z,2026-09-30T22:00:00Z,4 PM,5 PM,11,18,mph,NW
hourly,2026-09-28T07:19:34Z,2026-09-28T08:19:34Z,217,America/Chicago,2026-10-01,2026-10-01T20:00:00Z,2026-10-01T21:00:00Z,3 PM,4 PM,11.9,17,mph,NW
hourly,2026-09-28T07:19:34Z,2026-09-28T08:19:34Z,217,America/Chicago,2026-10-02,2026-10-02T21:00:00Z,2026-10-02T22:00:00Z,4 PM,5 PM,10.4,17,mph,S
hourly,2026-09-28T07:19:34Z,2026-09-28T08:19:34Z,217,America/Chicago,2026-10-03,2026-10-03T20:00:00Z,2026-10-03T21:00:00Z,3 PM,4 PM,7.9,17,mph,SW
hourly,2026-09-28T07:19:34Z,2026-09-28T08:19:34Z,80,America/Chicago,2026-09-28,2026-09-28T15:00:00Z,2026-09-28T16:00:00Z,10 AM,11 AM,1.8,8,mph,E
hourly,2026-09-28T07:19:34Z,2026-09-28T08:19:34Z,80,America/Chicago,2026-09-29,2026-09-29T22:00:00Z,2026-09-29T23:00:00Z,5 PM,6 PM,7,8,mph,WSW
hourly,2026-09-28T07:19:34Z,2026-09-28T08:19:34Z,80,America/Chicago,2026-09-30,2026-09-30T20:00:00Z,2026-09-30T21:00:00Z,3 PM,4 PM,12.4,14,mph,WNW
hourly,2026-09-28T07:19:34Z,2026-09-28T08:19:34Z,80,America/Chicago,2026-10-01,2026-10-01T20:00:00Z,2026-10-01T21:00:00Z,3 PM,4 PM,12.7,20,mph,WNW
hourly,2026-09-28T07:19:34Z,2026-09-28T08:19:34Z,80,America/Chicago,2026-10-02,2026-10-02T19:00:00Z,2026-10-02T20:00:00Z,2 PM,3 PM,11.7,12,mph,WSW
hourly,2026-09-28T07:19:34Z,2026-09-28T08:19:34Z,80,America/Chicago,2026-10-03,2026-10-03T20:00:00Z,2026-10-03T21:00:00Z,3 PM,4 PM,8.7,17,mph,S
hourly,2026-09-28T07:19:35Z,2026-09-28T08:19:35Z,268,America/Chicago,2026-09-28,2026-09-28T21:00:00Z,2026-09-28T22:00:00Z,4 PM,5 PM,5.3,5,mph,S
hourly,2026-09-28T07:19:35Z,2026-09-28T08:19:35Z,268,America/Chicago,2026-09-29,2026-09-29T16:00:00Z,2026-09-29T17:00:00Z,11 AM,12 PM,3.2,10,mph,S
hourly,2026-09-28T07:19:35Z,2026-09-28T08:19:35Z,268,America/Chicago,2026-09-30,2026-09-30T20:00:00Z,2026-09-30T21:00:00Z,3 PM,4 PM,4.1,5,mph,SSW
hourly,2026-09-28T07:19:35Z,2026-09-28T08:19:35Z,268,America/Chicago,2026-10-01,2026-10-01T20:00:00Z,2026-10-01T21:00:00Z,3 PM,4 PM,10.9,15,mph,NW
hourly,2026-09-28T07:19:35Z,2026-09-28T08:19:35Z,268,America/Chicago,2026-10-02,2026-10-02T20:00:00Z,2026-10-02T21:00:00Z,3 PM,4 PM,10.3,5,mph,WNW
hourly,2026-09-28T07:19:35Z,2026-09-28T08:19:35Z,268,America/Chicago,2026-10-03,2026-10-03T20:00:00Z,2026-10-03T21:00:00Z,3 PM,4 PM,8.5,10,mph,S
hourly,2026-09-28T07:19:36Z,2026-09-28T08:19:36Z,33,America/Chicago,2026-09-28,2026-09-28T11:00:00Z,2026-09-28T12:00:00Z,6 AM,7 AM,3.2,10,mph,SE
hourly,2026-09-28T07:19:36Z,2026-09-28T08:19:36Z,33,America/Chicago,2026-09-29,2026-09-29T21:00:00Z,2026-09-29T22:00:00Z,4 PM,5 PM,4.5,7,mph,W
hourly,2026-09-28T07:19:36Z,2026-09-28T08:19:36Z,33,America/Chicago,2026-09-30,2026-09-30T20:00:00Z,2026-09-30T21:00:00Z,3 PM,4 PM,10,14,mph,NW
hourly,2026-09-28T07:19:36Z,2026-09-28T08:19:36Z,33,America/Chicago,2026-10-01,2026-10-01T20:00:00Z,2026-10-01T21:00:00Z,3 PM,4 PM,11.2,15,mph,NW
hourly,2026-09-28T07:19:36Z,2026-09-28T08:19:36Z,33,America/Chicago,2026-10-02,2026-10-02T20:00:00Z,2026-10-02T21:00:00Z,3 PM,4 PM,10.9,14,mph,S
hourly,2026-09-28T07:19:36Z,2026-09-28T08:19:36Z,33,America/Chicago,2026-10-03,2026-10-03T20:00:00Z,2026-10-03T21:00:00Z,3 PM,4 PM,7.9,16,mph,S
hourly,2026-09-28T07:19:37Z,2026-09-28T08:19:37Z,233,America/Chicago,2026-09-28,2026-09-28T11:00:00Z,2026-09-28T12:00:00Z,6 AM,7 AM,3.8,9,mph,SE
hourly,2026-09-28T07:19:37Z,2026-09-28T08:19:37Z,233,America/Chicago,2026-09-29,2026-09-29T20:00:00Z,2026-09-29T21:00:00Z,3 PM,4 PM,4.5,7,mph,W
hourly,2026-09-28T07:19:37Z,2026-09-28T08:19:37Z,233,America/Chicago,2026-09-30,2026-09-30T20:00:00Z,2026-09-30T21:00:00Z,3 PM,4 PM,10.7,14,mph,NW
hourly,2026-09-28T07:19:37Z,2026-09-28T08:19:37Z,233,America/Chicago,2026-10-01,2026-10-01T20:00:00Z,2026-10-01T21:00:00Z,3 PM,4 PM,11.7,14,mph,NW
hourly,2026-09-28T07:19:37Z,2026-09-28T08:19:37Z,233,America/Chicago,2026-10-02,2026-10-02T20:00:00Z,2026-10-02T21:00:00Z,3 PM,4 PM,10.7,14,mph,S
hourly,2026-09-28T07:19:37Z,2026-09-28T08:19:37Z,233,America/Chicago,2026-10-03,2026-10-03T20:00:00Z,2026-10-03T21:00:00Z,3 PM,4 PM,7.9,15,mph,SW
hourly,2026-09-28T07:19:37Z,2026-09-28T08:19:37Z,59,America/Chicago,2026-09-28,2026-09-28T12:00:00Z,2026-09-28T13:00:00Z,7 AM,8 AM,2.2,10,mph,E
hourly,2026-09-28T07:19:37Z,2026-09-28T08:19:37Z,59,America/Chicago,2026-09-29,2026-09-29T22:00:00Z,2026-09-29T23:00:00Z,5 PM,6 PM,10.3,10,mph,SW
hourly,2026-09-28T07:19:37Z,2026-09-28T08:19:37Z,59,America/Chicago,2026-09-30,2026-09-30T20:00:00Z,2026-09-30T21:00:00Z,3 PM,4 PM,11.7,18,mph,NW
hourly,2026-09-28T07:19:37Z,2026-09-28T08:19:37Z,59,America/Chicago,2026-10-01,2026-10-01T20:00:00Z,2026-10-01T21:00:00Z,3 PM,4 PM,13.5,15,mph,NW
hourly,2026-09-28T07:19:37Z,2026-09-28T08:19:37Z,59,America/Chicago,2026-10-02,2026-10-02T20:00:00Z,2026-10-02T21:00:00Z,3 PM,4 PM,12.5,14,mph,S
hourly,2026-09-28T07:19:37Z,2026-09-28T08:19:37Z,59,America/Chicago,2026-10-03,2026-10-03T21:00:00Z,2026-10-03T22:00:00Z,4 PM,5 PM,8.9,12,mph,W
hourly,2026-09-28T07:19:38Z,2026-09-28T08:19:38Z,153,America/Chicago,2026-09-28,2026-09-28T22:00:00Z,2026-09-28T23:00:00Z,5 PM,6 PM,3.1,6,mph,E
hourly,2026-09-28T07:19:38Z,2026-09-28T08:19:38Z,153,America/Chicago,2026-09-29,2026-09-29T22:00:00Z,2026-09-29T23:00:00Z,5 PM,6 PM,16.7,18,mph,SW
hourly,2026-09-28T07:19:38Z,2026-09-28T08:19:38Z,153,America/Chicago,2026-09-30,2026-09-30T21:00:00Z,2026-09-30T22:00:00Z,4 PM,5 PM,12.4,21,mph,NW
hourly,2026-09-28T07:19:38Z,2026-09-28T08:19:38Z,153,America/Chicago,2026-10-01,2026-10-01T20:00:00Z,2026-10-01T21:00:00Z,3 PM,4 PM,13.4,14,mph,W
hourly,2026-09-28T07:19:38Z,2026-09-28T08:19:38Z,153,America/Chicago,2026-10-02,2026-10-02T20:00:00Z,2026-10-02T21:00:00Z,3 PM,4 PM,12.8,15,mph,S
hourly,2026-09-28T07:19:38Z,2026-09-28T08:19:38Z,153,America/Chicago,2026-10-03,2026-10-03T20:00:00Z,2026-10-03T21:00:00Z,3 PM,4 PM,9.9,14,mph,NW
hourly,2026-09-28T07:19:39Z,2026-09-28T08:19:39Z,105,America/Chicago,2026-09-28,2026-09-28T11:00:00Z,2026-09-28T12:00:00Z,6 AM,7 AM,1.7,5,mph,E
hourly,2026-09-28T07:19:39Z,2026-09-28T08:19:39Z,105,America/Chicago,2026-09-29,2026-09-29T22:00:00Z,2026-09-29T23:00:00Z,5 PM,6 PM,5.8,7,mph,SW
hourly,2026-09-28T07:19:39Z,2026-09-28T08:19:39Z,105,America/Chicago,2026-09-30,2026-09-30T20:00:00Z,2026-09-30T21:00:00Z,3 PM,4 PM,11.5,14,mph,W
hourly,2026-09-28T07:19:39Z,2026-09-28T08:19:39Z,105,America/Chicago,2026-10-01,2026-10-01T20:00:00Z,2026-10-01T21:00:00Z,3 PM,4 PM,12.4,18,mph,WNW
hourly,2026-09-28T07:19:39Z,2026-09-28T08:19:39Z,105,America/Chicago,2026-10-02,2026-10-02T20:00:00Z,2026-10-02T21:00:00Z,3 PM,4 PM,10.8,13,mph,SW
hourly,2026-09-28T07:19:39Z,2026-09-28T08:19:39Z,105,America/Chicago,2026-10-03,2026-10-03T20:00:00Z,2026-10-03T21:00:00Z,3 PM,4 PM,8.4,17,mph,S
hourly,2026-09-28T07:19:39Z,2026-09-28T08:19:39Z,82,America/Chicago,2026-09-28,2026-09-28T11:00:00Z,2026-09-28T12:00:00Z,6 AM,7 AM,1.6,5,mph,E
hourly,2026-09-28T07:19:39Z,2026-09-28T08:19:39Z,82,America/Chicago,2026-09-29,2026-09-29T21:00:00Z,2026-09-29T22:00:00Z,4 PM,5 PM,3.9,6,mph,SW
hourly,2026-09-28T07:19:39Z,2026-09-28T08:19:39Z,82,America/Chicago,2026-09-30,2026-09-30T21:00:00Z,2026-09-30T22:00:00Z,4 PM,5 PM,11.6,13,mph,WNW
hourly,2026-09-28T07:19:39Z,2026-09-28T08:19:39Z,82,America/Chicago,2026-10-01,2026-10-01T21:00:00Z,2026-10-01T22:00:00Z,4 PM,5 PM,12.1,18,mph,WNW
hourly,2026-09-28T07:19:39Z,2026-09-28T08:19:39Z,82,America/Chicago,2026-10-02,2026-10-02T20:00:00Z,2026-10-02T21:00:00Z,3 PM,4 PM,11.2,10,mph,WSW
hourly,2026-09-28T07:19:39Z,2026-09-28T08:19:39Z,82,America/Chicago,2026-10-03,2026-10-03T20:00:00Z,2026-10-03T21:00:00Z,3 PM,4 PM,8.2,17,mph,S
hourly,2026-09-28T07:19:40Z,2026-09-28T08:19:40Z,245,America/Chicago,2026-09-28,2026-09-28T21:00:00Z,2026-09-28T22:00:00Z,4 PM,5 PM,5.3,5,mph,S
hourly,2026-09-28T07:19:40Z,2026-09-28T08:19:40Z,245,America/Chicago,2026-09-29,2026-09-29T18:00:00Z,2026-09-29T19:00:00Z,1 PM,2 PM,5.2,15,mph,S
hourly,2026-09-28T07:19:40Z,2026-09-28T08:19:40Z,245,America/Chicago,2026-09-30,2026-09-30T20:00:00Z,2026-09-30T21:00:00Z,3 PM,4 PM,2.7,10,mph,SSW
hourly,2026-09-28T07:19:40Z,2026-09-28T08:19:40Z,245,America/Chicago,2026-10-01,2026-10-01T19:00:00Z,2026-10-01T20:00:00Z,2 PM,3 PM,8.4,10,mph,NNW
hourly,2026-09-28T07:19:40Z,2026-09-28T08:19:40Z,245,America/Chicago,2026-10-02,2026-10-02T20:00:00Z,2026-10-02T21:00:00Z,3 PM,4 PM,9.3,5,mph,NW
hourly,2026-09-28T07:19:40Z,2026-09-28T08:19:40Z,245,America/Chicago,2026-10-03,2026-10-03T19:00:00Z,2026-10-03T20:00:00Z,2 PM,3 PM,7.5,10,mph,S
hourly,2026-09-28T07:19:42Z,2026-09-28T08:19:42Z,247,America/Chicago,2026-09-28,2026-09-28T11:00:00Z,2026-09-28T12:00:00Z,6 AM,7 AM,2.4,14,mph,SE
hourly,2026-09-28T07:19:42Z,2026-09-28T08:19:42Z,247,America/Chicago,2026-09-29,2026-09-29T22:00:00Z,2026-09-29T23:00:00Z,5 PM,6 PM,6.3,5,mph,NW
hourly,2026-09-28T07:19:42Z,2026-09-28T08:19:42Z,247,America/Chicago,2026-09-30,2026-09-30T21:00:00Z,2026-09-30T22:00:00Z,4 PM,5 PM,11.4,15,mph,NW
hourly,2026-09-28T07:19:42Z,2026-09-28T08:19:42Z,247,America/Chicago,2026-10-01,2026-10-01T20:00:00Z,2026-10-01T21:00:00Z,3 PM,4 PM,12.8,13,mph,NW
hourly,2026-09-28T07:19:42Z,2026-09-28T08:19:42Z,247,America/Chicago,2026-10-02,2026-10-02T20:00:00Z,2026-10-02T21:00:00Z,3 PM,4 PM,11.9,16,mph,S
hourly,2026-09-28T07:19:42Z,2026-09-28T08:19:42Z,247,America/Chicago,2026-10-03,2026-10-03T20:00:00Z,2026-10-03T21:00:00Z,3 PM,4 PM,9.4,16,mph,SW
hourly,2026-09-28T07:19:42Z,2026-09-28T08:19:42Z,225,America/Chicago,2026-09-28,2026-09-28T22:00:00Z,2026-09-28T23:00:00Z,5 PM,6 PM,6,10,mph,S
hourly,2026-09-28T07:19:42Z,2026-09-28T08:19:42Z,225,America/Chicago,2026-09-29,2026-09-29T17:00:00Z,2026-09-29T18:00:00Z,12 PM,1 PM,2.6,15,mph,S
hourly,2026-09-28T07:19:42Z,2026-09-28T08:19:42Z,225,America/Chicago,2026-09-30,2026-09-30T20:00:00Z,2026-09-30T21:00:00Z,3 PM,4 PM,4,5,mph,W
hourly,2026-09-28T07:19:42Z,2026-09-28T08:19:42Z,225,America/Chicago,2026-10-01,2026-10-01T20:00:00Z,2026-10-01T21:00:00Z,3 PM,4 PM,9.8,15,mph,NNW
hourly,2026-09-28T07:19:42Z,2026-09-28T08:19:42Z,225,America/Chicago,2026-10-02,2026-10-02T19:00:00Z,2026-10-02T20:00:00Z,2 PM,3 PM,9.7,5,mph,NW
hourly,2026-09-28T07:19:42Z,2026-09-28T08:19:42Z,225,America/Chicago,2026-10-03,2026-10-03T19:00:00Z,2026-10-03T20:00:00Z,2 PM,3 PM,6.8,15,mph,S
hourly,2026-09-28T07:19:43Z,2026-09-28T08:19:43Z,34,America/Chicago,2026-09-28,2026-09-28T12:00:00Z,2026-09-28T13:00:00Z,7 AM,8 AM,2.5,7,mph,ESE
hourly,2026-09-28T07:19:43Z,2026-09-28T08:19:43Z,34,America/Chicago,2026-09-29,2026-09-29T21:00:00Z,2026-09-29T22:00:00Z,4 PM,5 PM,6.8,10,mph,WSW
hourly,2026-09-28T07:19:43Z,2026-09-28T08:19:43Z,34,America/Chicago,2026-09-30,2026-09-30T22:00:00Z,2026-09-30T23:00:00Z,5 PM,6 PM,12.5,16,mph,WNW
hourly,2026-09-28T07:19:43Z,2026-09-28T08:19:43Z,34,America/Chicago,2026-10-01,2026-10-01T20:00:00Z,2026-10-01T21:00:00Z,3 PM,4 PM,11.9,20,mph,WNW
hourly,2026-09-28T07:19:43Z,2026-09-28T08:19:43Z,34,America/Chicago,2026-10-02,2026-10-02T20:00:00Z,2026-10-02T21:00:00Z,3 PM,4 PM,10.8,13,mph,SW
hourly,2026-09-28T07:19:43Z,2026-09-28T08:19:43Z,34,America/Chicago,2026-10-03,2026-10-03T20:00:00Z,2026-10-03T21:00:00Z,3 PM,4 PM,8.1,17,mph,SSW
hourly,2026-09-28T07:19:44Z,2026-09-28T08:19:44Z,198,America/Denver,2026-09-28,2026-09-28T21:00:00Z,2026-09-28T22:00:00Z,3 PM,4 PM,3.3,5,mph,S
hourly,2026-09-28T07:19:44Z,2026-09-28T08:19:44Z,198,America/Denver,2026-09-29,2026-09-29T22:00:00Z,2026-09-29T23:00:00Z,4 PM,5 PM,14.7,8,mph,W
hourly,2026-09-28T07:19:44Z,2026-09-28T08:19:44Z,198,America/Denver,2026-09-30,2026-09-30T20:00:00Z,2026-09-30T21:00:00Z,2 PM,3 PM,13.8,18,mph,NW
hourly,2026-09-28T07:19:44Z,2026-09-28T08:19:44Z,198,America/Denver,2026-10-01,2026-10-01T20:00:00Z,2026-10-01T21:00:00Z,2 PM,3 PM,14.2,9,mph,NW
hourly,2026-09-28T07:19:44Z,2026-09-28T08:19:44Z,198,America/Denver,2026-10-02,2026-10-02T20:00:00Z,2026-10-02T21:00:00Z,2 PM,3 PM,13.5,14,mph,S
hourly,2026-09-28T07:19:44Z,2026-09-28T08:19:44Z,198,America/Denver,2026-10-03,2026-10-03T20:00:00Z,2026-10-03T21:00:00Z,2 PM,3 PM,11.9,10,mph,NW
hourly,2026-09-28T07:19:44Z,2026-09-28T08:19:44Z,72,America/Chicago,2026-09-28,2026-09-28T22:00:00Z,2026-09-28T23:00:00Z,5 PM,6 PM,3.3,16,mph,SSE
hourly,2026-09-28T07:19:44Z,2026-09-28T08:19:44Z,72,America/Chicago,2026-09-29,2026-09-29T22:00:00Z,2026-09-29T23:00:00Z,5 PM,6 PM,5.2,7,mph,S
hourly,2026-09-28T07:19:44Z,2026-09-28T08:19:44Z,72,America/Chicago,2026-09-30,2026-09-30T20:00:00Z,2026-09-30T21:00:00Z,3 PM,4 PM,11.8,10,mph,W
hourly,2026-09-28T07:19:44Z,2026-09-28T08:19:44Z,72,America/Chicago,2026-10-01,2026-10-01T20:00:00Z,2026-10-01T21:00:00Z,3 PM,4 PM,13.3,20,mph,NW
hourly,2026-09-28T07:19:44Z,2026-09-28T08:19:44Z,72,America/Chicago,2026-10-02,2026-10-02T19:00:00Z,2026-10-02T20:00:00Z,2 PM,3 PM,12.8,13,mph,SW
hourly,2026-09-28T07:19:44Z,2026-09-28T08:19:44Z,72,America/Chicago,2026-10-03,2026-10-03T20:00:00Z,2026-10-03T21:00:00Z,3 PM,4 PM,9.4,18,mph,S
hourly,2026-09-28T07:19:45Z,2026-09-28T08:19:45Z,262,America/Chicago,2026-09-28,2026-09-28T22:00:00Z,2026-09-28T23:00:00Z,5 PM,6 PM,5.2,10,mph,S
hourly,2026-09-28T07:19:45Z,2026-09-28T08:19:45Z,262,America/Chicago,2026-09-29,2026-09-29T11:00:00Z,2026-09-29T12:00:00Z,6 AM,7 AM,0.7,15,mph,S
hourly,2026-09-28T07:19:45Z,2026-09-28T08:19:45Z,262,America/Chicago,2026-09-30,2026-09-30T21:00:00Z,2026-09-30T22:00:00Z,4 PM,5 PM,3.9,5,mph,NNW
hourly,2026-09-28T07:19:45Z,2026-09-28T08:19:45Z,262,America/Chicago,2026-10-01,2026-10-01T20:00:00Z,2026-10-01T21:00:00Z,3 PM,4 PM,9.2,10,mph,NNW
hourly,2026-09-28T07:19:45Z,2026-09-28T08:19:45Z,262,America/Chicago,2026-10-02,2026-10-02T20:00:00Z,2026-10-02T21:00:00Z,3 PM,4 PM,8.8,5,mph,SSW
hourly,2026-09-28T07:19:45Z,2026-09-28T08:19:45Z,262,America/Chicago,2026-10-03,2026-10-03T20:00:00Z,2026-10-03T21:00:00Z,3 PM,4 PM,5.9,10,mph,S
hourly,2026-09-28T07:19:46Z,2026-09-28T08:19:46Z,135,America/Chicago,2026-09-28,2026-09-28T21:00:00Z,2026-09-28T22:00:00Z,4 PM,5 PM,3.1,6,mph,E
hourly,2026-09-28T07:19:46Z,2026-09-28T08:19:46Z,135,America/Chicago,2026-09-29,2026-09-29T21:00:00Z,2026-09-29T22:00:00Z,4 PM,5 PM,14.8,15,mph,SW
hourly,2026-09-28T07:19:46Z,2026-09-28T08:19:46Z,135,America/Chicago,2026-09-30,2026-09-30T21:00:00Z,2026-09-30T22:00:00Z,4 PM,5 PM,13.5,18,mph,NW
hourly,2026-09-28T07:19:46Z,2026-09-28T08:19:46Z,135,America/Chicago,2026-10-01,2026-10-01T21:00:00Z,2026-10-01T22:00:00Z,4 PM,5 PM,14.1,13,mph,W
hourly,2026-09-28T07:19:46Z,2026-09-28T08:19:46Z,135,America/Chicago,2026-10-02,2026-10-02T20:00:00Z,2026-10-02T21:00:00Z,3 PM,4 PM,14,14,mph,S
hourly,2026-09-28T07:19:46Z,2026-09-28T08:19:46Z,135,America/Chicago,2026-10-03,2026-10-03T21:00:00Z,2026-10-03T22:00:00Z,4 PM,5 PM,11,13,mph,NW
hourly,2026-09-28T07:19:46Z,2026-09-28T08:19:46Z,35,America/Chicago,2026-09-28,2026-09-28T11:00:00Z,2026-09-28T12:00:00Z,6 AM,7 AM,2.3,13,mph,SE
hourly,2026-09-28T07:19:46Z,2026-09-28T08:19:46Z,35,America/Chicago,2026-09-29,2026-09-29T22:00:00Z,2026-09-29T23:00:00Z,5 PM,6 PM,6.8,3,mph,NW
hourly,2026-09-28T07:19:46Z,2026-09-28T08:19:46Z,35,America/Chicago,2026-09-30,2026-09-30T21:00:00Z,2026-09-30T22:00:00Z,4 PM,5 PM,11.6,13,mph,NW
hourly,2026-09-28T07:19:46Z,2026-09-28T08:19:46Z,35,America/Chicago,2026-10-01,2026-10-01T20:00:00Z,2026-10-01T21:00:00Z,3 PM,4 PM,12.9,12,mph,NW
hourly,2026-09-28T07:19:46Z,2026-09-28T08:19:46Z,35,America/Chicago,2026-10-02,2026-10-02T20:00:00Z,2026-10-02T21:00:00Z,3 PM,4 PM,11.8,16,mph,S
hourly,2026-09-28T07:19:46Z,2026-09-28T08:19:46Z,35,America/Chicago,2026-10-03,2026-10-03T20:00:00Z,2026-10-03T21:00:00Z,3 PM,4 PM,9.4,14,mph,SW
hourly,2026-09-28T07:19:47Z,2026-09-28T08:19:47Z,76,America/Chicago,2026-09-28,2026-09-28T21:00:00Z,2026-09-28T22:00:00Z,4 PM,5 PM,2.7,14,mph,S
hourly,2026-09-28T07:19:47Z,2026-09-28T08:19:47Z,76,America/Chicago,2026-09-29,2026-09-29T22:00:00Z,2026-09-29T23:00:00Z,5 PM,6 PM,4,7,mph,SSE
hourly,2026-09-28T07:19:47Z,2026-09-28T08:19:47Z,76,America/Chicago,2026-09-30,2026-09-30T21:00:00Z,2026-09-30T22:00:00Z,4 PM,5 PM,11.1,12,mph,W
hourly,2026-09-28T07:19:47Z,2026-09-28T08:19:47Z,76,America/Chicago,2026-10-01,2026-10-01T20:00:00Z,2026-10-01T21:00:00Z,3 PM,4 PM,12.9,15,mph,NW
hourly,2026-09-28T07:19:47Z,2026-09-28T08:19:47Z,76,America/Chicago,2026-10-02,2026-10-02T20:00:00Z,2026-10-02T21:00:00Z,3 PM,4 PM,11.7,13,mph,SSW
hourly,2026-09-28T07:19:47Z,2026-09-28T08:19:47Z,76,America/Chicago,2026-10-03,2026-10-03T20:00:00Z,2026-10-03T21:00:00Z,3 PM,4 PM,9,16,mph,SSW
hourly,2026-09-28T07:19:48Z,2026-09-28T08:19:48Z,120,America/Chicago,2026-09-28,2026-09-28T20:00:00Z,2026-09-28T21:00:00Z,3 PM,4 PM,4.7,10,mph,SSE
hourly,2026-09-28T07:19:48Z,2026-09-28T08:19:48Z,120,America/Chicago,2026-09-29,2026-09-29T21:00:00Z,2026-09-29T22:00:00Z,4 PM,5 PM,1.4,10,mph,S
hourly,2026-09-28T07:19:48Z,2026-09-28T08:19:48Z,120,America/Chicago,2026-09-30,2026-09-30T20:00:00Z,2026-09-30T21:00:00Z,3 PM,4 PM,6.5,5,mph,SW
hourly,2026-09-28T07:19:48Z,2026-09-28T08:19:48Z,120,America/Chicago,2026-10-01,2026-10-01T19:00:00Z,2026-10-01T20:00:00Z,2 PM,3 PM,10.6,15,mph,NW
hourly,2026-09-28T07:19:48Z,2026-09-28T08:19:48Z,120,America/Chicago,2026-10-02,2026-10-02T19:00:00Z,2026-10-02T20:00:00Z,2 PM,3 PM,10,10,mph,WNW
hourly,2026-09-28T07:19:48Z,2026-09-28T08:19:48Z,120,America/Chicago,2026-10-03,2026-10-03T20:00:00Z,2026-10-03T21:00:00Z,3 PM,4 PM,6.9,15,mph,S
hourly,2026-09-28T07:19:48Z,2026-09-28T08:19:48Z,230,America/Chicago,2026-09-28,2026-09-28T11:00:00Z,2026-09-28T12:00:00Z,6 AM,7 AM,3.3,12,mph,E
hourly,2026-09-28T07:19:48Z,2026-09-28T08:19:48Z,230,America/Chicago,2026-09-29,2026-09-29T21:00:00Z,2026-09-29T22:00:00Z,4 PM,5 PM,17.3,18,mph,SW
hourly,2026-09-28T07:19:48Z,2026-09-28T08:19:48Z,230,America/Chicago,2026-09-30,2026-09-30T21:00:00Z,2026-09-30T22:00:00Z,4 PM,5 PM,13.6,21,mph,NW
hourly,2026-09-28T07:19:48Z,2026-09-28T08:19:48Z,230,America/Chicago,2026-10-01,2026-10-01T20:00:00Z,2026-10-01T21:00:00Z,3 PM,4 PM,14.9,15,mph,W
hourly,2026-09-28T07:19:48Z,2026-09-28T08:19:48Z,230,America/Chicago,2026-10-02,2026-10-02T21:00:00Z,2026-10-02T22:00:00Z,4 PM,5 PM,14.3,16,mph,S
hourly,2026-09-28T07:19:48Z,2026-09-28T08:19:48Z,230,America/Chicago,2026-10-03,2026-10-03T21:00:00Z,2026-10-03T22:00:00Z,4 PM,5 PM,11.7,14,mph,NW
hourly,2026-09-28T07:19:49Z,2026-09-28T08:19:49Z,209,America/Chicago,2026-09-28,2026-09-28T11:00:00Z,2026-09-28T12:00:00Z,6 AM,7 AM,2.5,10,mph,SE
hourly,2026-09-28T07:19:49Z,2026-09-28T08:19:49Z,209,America/Chicago,2026-09-29,2026-09-29T21:00:00Z,2026-09-29T22:00:00Z,4 PM,5 PM,7.6,6,mph,NW
hourly,2026-09-28T07:19:49Z,2026-09-28T08:19:49Z,209,America/Chicago,2026-09-30,2026-09-30T21:00:00Z,2026-09-30T22:00:00Z,4 PM,5 PM,12.2,14,mph,NW
hourly,2026-09-28T07:19:49Z,2026-09-28T08:19:49Z,209,America/Chicago,2026-10-01,2026-10-01T20:00:00Z,2026-10-01T21:00:00Z,3 PM,4 PM,12.8,12,mph,NW
hourly,2026-09-28T07:19:49Z,2026-09-28T08:19:49Z,209,America/Chicago,2026-10-02,2026-10-02T20:00:00Z,2026-10-02T21:00:00Z,3 PM,4 PM,12,16,mph,S
hourly,2026-09-28T07:19:49Z,2026-09-28T08:19:49Z,209,America/Chicago,2026-10-03,2026-10-03T21:00:00Z,2026-10-03T22:00:00Z,4 PM,5 PM,10,13,mph,W
hourly,2026-09-28T07:19:50Z,2026-09-28T08:19:50Z,141,America/Chicago,2026-09-28,2026-09-28T11:00:00Z,2026-09-28T12:00:00Z,6 AM,7 AM,2.2,6,mph,E
hourly,2026-09-28T07:19:50Z,2026-09-28T08:19:50Z,141,America/Chicago,2026-09-29,2026-09-29T22:00:00Z,2026-09-29T23:00:00Z,5 PM,6 PM,4.6,7,mph,WSW
hourly,2026-09-28T07:19:50Z,2026-09-28T08:19:50Z,141,America/Chicago,2026-09-30,2026-09-30T20:00:00Z,2026-09-30T21:00:00Z,3 PM,4 PM,10.6,15,mph,WNW
hourly,2026-09-28T07:19:50Z,2026-09-28T08:19:50Z,141,America/Chicago,2026-10-01,2026-10-01T20:00:00Z,2026-10-01T21:00:00Z,3 PM,4 PM,11.5,18,mph,WNW
hourly,2026-09-28T07:19:50Z,2026-09-28T08:19:50Z,141,America/Chicago,2026-10-02,2026-10-02T20:00:00Z,2026-10-02T21:00:00Z,3 PM,4 PM,10.2,14,mph,SW
hourly,2026-09-28T07:19:50Z,2026-09-28T08:19:50Z,141,America/Chicago,2026-10-03,2026-10-03T20:00:00Z,2026-10-03T21:00:00Z,3 PM,4 PM,6.9,17,mph,S
hourly,2026-09-28T07:19:50Z,2026-09-28T08:19:50Z,261,America/Chicago,2026-09-28,2026-09-28T22:00:00Z,2026-09-28T23:00:00Z,5 PM,6 PM,4.8,10,mph,SSE
hourly,2026-09-28T07:19:50Z,2026-09-28T08:19:50Z,261,America/Chicago,2026-09-29,2026-09-29T11:00:00Z,2026-09-29T12:00:00Z,6 AM,7 AM,1.3,10,mph,S
hourly,2026-09-28T07:19:50Z,2026-09-28T08:19:50Z,261,America/Chicago,2026-09-30,2026-09-30T19:00:00Z,2026-09-30T20:00:00Z,2 PM,3 PM,2.7,5,mph,SSW
hourly,2026-09-28T07:19:50Z,2026-09-28T08:19:50Z,261,America/Chicago,2026-10-01,2026-10-01T20:00:00Z,2026-10-01T21:00:00Z,3 PM,4 PM,9.3,10,mph,N
hourly,2026-09-28T07:19:50Z,2026-09-28T08:19:50Z,261,America/Chicago,2026-10-02,2026-10-02T20:00:00Z,2026-10-02T21:00:00Z,3 PM,4 PM,7.9,5,mph,S
hourly,2026-09-28T07:19:50Z,2026-09-28T08:19:50Z,261,America/Chicago,2026-10-03,2026-10-03T20:00:00Z,2026-10-03T21:00:00Z,3 PM,4 PM,5.4,10,mph,S
hourly,2026-09-28T07:19:51Z,2026-09-28T08:19:51Z,273,America/Chicago,2026-09-28,2026-09-28T21:00:00Z,2026-09-28T22:00:00Z,4 PM,5 PM,5.9,2,mph,S
hourly,2026-09-28T07:19:51Z,2026-09-28T08:19:51Z,273,America/Chicago,2026-09-29,2026-09-29T21:00:00Z,2026-09-29T22:00:00Z,4 PM,5 PM,7.1,9,mph,S
hourly,2026-09-28T07:19:51Z,2026-09-28T08:19:51Z,273,America/Chicago,2026-09-30,2026-09-30T19:00:00Z,2026-09-30T20:00:00Z,2 PM,3 PM,2,8,mph,S
hourly,2026-09-28T07:19:51Z,2026-09-28T08:19:51Z,273,America/Chicago,2026-10-01,2026-10-01T20:00:00Z,2026-10-01T21:00:00Z,3 PM,4 PM,7.6,9,mph,NW
hourly,2026-09-28T07:19:51Z,2026-09-28T08:19:51Z,273,America/Chicago,2026-10-02,2026-10-02T19:00:00Z,2026-10-02T20:00:00Z,2 PM,3 PM,8.8,3,mph,N
hourly,2026-09-28T07:19:51Z,2026-09-28T08:19:51Z,273,America/Chicago,2026-10-03,2026-10-03T20:00:00Z,2026-10-03T21:00:00Z,3 PM,4 PM,7.6,6,mph,S
hourly,2026-09-28T07:19:52Z,2026-09-28T08:19:52Z,109,America/Chicago,2026-09-28,2026-09-28T12:00:00Z,2026-09-28T13:00:00Z,7 AM,8 AM,1.1,10,mph,E
hourly,2026-09-28T07:19:52Z,2026-09-28T08:19:52Z,109,America/Chicago,2026-09-29,2026-09-29T22:00:00Z,2026-09-29T23:00:00Z,5 PM,6 PM,6.9,8,mph,SW
hourly,2026-09-28T07:19:52Z,2026-09-28T08:19:52Z,109,America/Chicago,2026-09-30,2026-09-30T20:00:00Z,2026-09-30T21:00:00Z,3 PM,4 PM,11.4,16,mph,WNW
hourly,2026-09-28T07:19:52Z,2026-09-28T08:19:52Z,109,America/Chicago,2026-10-01,2026-10-01T21:00:00Z,2026-10-01T22:00:00Z,4 PM,5 PM,11.9,15,mph,WNW
hourly,2026-09-28T07:19:52Z,2026-09-28T08:19:52Z,109,America/Chicago,2026-10-02,2026-10-02T20:00:00Z,2026-10-02T21:00:00Z,3 PM,4 PM,10.4,13,mph,S
hourly,2026-09-28T07:19:52Z,2026-09-28T08:19:52Z,109,America/Chicago,2026-10-03,2026-10-03T21:00:00Z,2026-10-03T22:00:00Z,4 PM,5 PM,7.9,13,mph,SW
hourly,2026-09-28T07:19:53Z,2026-09-28T08:19:53Z,236,America/Chicago,2026-09-28,2026-09-28T21:00:00Z,2026-09-28T22:00:00Z,4 PM,5 PM,6.1,15,mph,S
hourly,2026-09-28T07:19:53Z,2026-09-28T08:19:53Z,236,America/Chicago,2026-09-29,2026-09-29T21:00:00Z,2026-09-29T22:00:00Z,4 PM,5 PM,2,10,mph,S
hourly,2026-09-28T07:19:53Z,2026-09-28T08:19:53Z,236,America/Chicago,2026-09-30,2026-09-30T21:00:00Z,2026-09-30T22:00:00Z,4 PM,5 PM,7.3,5,mph,W
hourly,2026-09-28T07:19:53Z,2026-09-28T08:19:53Z,236,America/Chicago,2026-10-01,2026-10-01T20:00:00Z,2026-10-01T21:00:00Z,3 PM,4 PM,11.2,10,mph,NNW
hourly,2026-09-28T07:19:53Z,2026-09-28T08:19:53Z,236,America/Chicago,2026-10-02,2026-10-02T20:00:00Z,2026-10-02T21:00:00Z,3 PM,4 PM,10.5,5,mph,SSW
hourly,2026-09-28T07:19:53Z,2026-09-28T08:19:53Z,236,America/Chicago,2026-10-03,2026-10-03T20:00:00Z,2026-10-03T21:00:00Z,3 PM,4 PM,7,15,mph,S
hourly,2026-09-28T07:19:53Z,2026-09-28T08:19:53Z,36,America/Chicago,2026-09-28,2026-09-28T11:00:00Z,2026-09-28T12:00:00Z,6 AM,7 AM,2.3,10,mph,SE
hourly,2026-09-28T07:19:53Z,2026-09-28T08:19:53Z,36,America/Chicago,2026-09-29,2026-09-29T21:00:00Z,2026-09-29T22:00:00Z,4 PM,5 PM,8.2,6,mph,W
hourly,2026-09-28T07:19:53Z,2026-09-28T08:19:53Z,36,America/Chicago,2026-09-30,2026-09-30T21:00:00Z,2026-09-30T22:00:00Z,4 PM,5 PM,11.1,15,mph,NW
hourly,2026-09-28T07:19:53Z,2026-09-28T08:19:53Z,36,America/Chicago,2026-10-01,2026-10-01T20:00:00Z,2026-10-01T21:00:00Z,3 PM,4 PM,12.1,12,mph,NW
hourly,2026-09-28T07:19:53Z,2026-09-28T08:19:53Z,36,America/Chicago,2026-10-02,2026-10-02T20:00:00Z,2026-10-02T21:00:00Z,3 PM,4 PM,10.8,13,mph,S
hourly,2026-09-28T07:19:53Z,2026-09-28T08:19:53Z,36,America/Chicago,2026-10-03,2026-10-03T21:00:00Z,2026-10-03T22:00:00Z,4 PM,5 PM,8.6,10,mph,W
hourly,2026-09-28T07:19:54Z,2026-09-28T08:19:54Z,207,America/Chicago,2026-09-28,2026-09-28T21:00:00Z,2026-09-28T22:00:00Z,4 PM,5 PM,3.2,6,mph,E
hourly,2026-09-28T07:19:54Z,2026-09-28T08:19:54Z,207,America/Chicago,2026-09-29,2026-09-29T21:00:00Z,2026-09-29T22:00:00Z,4 PM,5 PM,17.5,15,mph,W
hourly,2026-09-28T07:19:54Z,2026-09-28T08:19:54Z,207,America/Chicago,2026-09-30,2026-09-30T21:00:00Z,2026-09-30T22:00:00Z,4 PM,5 PM,13.5,20,mph,NW
hourly,2026-09-28T07:19:54Z,2026-09-28T08:19:54Z,207,America/Chicago,2026-10-01,2026-10-01T20:00:00Z,2026-10-01T21:00:00Z,3 PM,4 PM,15.4,13,mph,NW
hourly,2026-09-28T07:19:54Z,2026-09-28T08:19:54Z,207,America/Chicago,2026-10-02,2026-10-02T21:00:00Z,2026-10-02T22:00:00Z,4 PM,5 PM,15.1,15,mph,S
hourly,2026-09-28T07:19:54Z,2026-09-28T08:19:54Z,207,America/Chicago,2026-10-03,2026-10-03T21:00:00Z,2026-10-03T22:00:00Z,4 PM,5 PM,11.9,14,mph,NW
hourly,2026-09-28T07:19:55Z,2026-09-28T08:19:55Z,79,America/Chicago,2026-09-28,2026-09-28T11:00:00Z,2026-09-28T12:00:00Z,6 AM,7 AM,2.8,9,mph,SE
hourly,2026-09-28T07:19:55Z,2026-09-28T08:19:55Z,79,America/Chicago,2026-09-29,2026-09-29T22:00:00Z,2026-09-29T23:00:00Z,5 PM,6 PM,3.9,6,mph,S
hourly,2026-09-28T07:19:55Z,2026-09-28T08:19:55Z,79,America/Chicago,2026-09-30,2026-09-30T20:00:00Z,2026-09-30T21:00:00Z,3 PM,4 PM,9.8,12,mph,NW
hourly,2026-09-28T07:19:55Z,2026-09-28T08:19:55Z,79,America/Chicago,2026-10-01,2026-10-01T19:00:00Z,2026-10-01T20:00:00Z,2 PM,3 PM,11.8,15,mph,NW
hourly,2026-09-28T07:19:55Z,2026-09-28T08:19:55Z,79,America/Chicago,2026-10-02,2026-10-02T19:00:00Z,2026-10-02T20:00:00Z,2 PM,3 PM,11.3,13,mph,SW
hourly,2026-09-28T07:19:55Z,2026-09-28T08:19:55Z,79,America/Chicago,2026-10-03,2026-10-03T20:00:00Z,2026-10-03T21:00:00Z,3 PM,4 PM,8.4,15,mph,S
hourly,2026-09-28T07:19:55Z,2026-09-28T08:19:55Z,193,America/Denver,2026-09-28,2026-09-28T20:00:00Z,2026-09-28T21:00:00Z,2 PM,3 PM,7.7,6,mph,W
hourly,2026-09-28T07:19:55Z,2026-09-28T08:19:55Z,193,America/Denver,2026-09-29,2026-09-29T21:00:00Z,2026-09-29T22:00:00Z,3 PM,4 PM,19.9,15,mph,W
hourly,2026-09-28T07:19:55Z,2026-09-28T08:19:55Z,193,America/Denver,2026-09-30,2026-09-30T20:00:00Z,2026-09-30T21:00:00Z,2 PM,3 PM,16.3,21,mph,NW
hourly,2026-09-28T07:19:55Z,2026-09-28T08:19:55Z,193,America/Denver,2026-10-01,2026-10-01T20:00:00Z,2026-10-01T21:00:00Z,2 PM,3 PM,15.8,12,mph,W
hourly,2026-09-28T07:19:55Z,2026-09-28T08:19:55Z,193,America/Denver,2026-10-02,2026-10-02T20:00:00Z,2026-10-02T21:00:00Z,2 PM,3 PM,17.1,15,mph,S
hourly,2026-09-28T07:19:55Z,2026-09-28T08:19:55Z,193,America/Denver,2026-10-03,2026-10-03T22:00:00Z,2026-10-03T23:00:00Z,4 PM,5 PM,14.2,16,mph,NW
hourly,2026-09-28T07:19:56Z,2026-09-28T08:19:56Z,248,America/Chicago,2026-09-28,2026-09-28T21:00:00Z,2026-09-28T22:00:00Z,4 PM,5 PM,3.2,7,mph,E
hourly,2026-09-28T07:19:56Z,2026-09-28T08:19:56Z,248,America/Chicago,2026-09-29,2026-09-29T21:00:00Z,2026-09-29T22:00:00Z,4 PM,5 PM,16.9,13,mph,SW
hourly,2026-09-28T07:19:56Z,2026-09-28T08:19:56Z,248,America/Chicago,2026-09-30,2026-09-30T21:00:00Z,2026-09-30T22:00:00Z,4 PM,5 PM,14.3,21,mph,NW
hourly,2026-09-28T07:19:56Z,2026-09-28T08:19:56Z,248,America/Chicago,2026-10-01,2026-10-01T20:00:00Z,2026-10-01T21:00:00Z,3 PM,4 PM,15.4,14,mph,NW
hourly,2026-09-28T07:19:56Z,2026-09-28T08:19:56Z,248,America/Chicago,2026-10-02,2026-10-02T20:00:00Z,2026-10-02T21:00:00Z,3 PM,4 PM,14.3,16,mph,S
hourly,2026-09-28T07:19:56Z,2026-09-28T08:19:56Z,248,America/Chicago,2026-10-03,2026-10-03T22:00:00Z,2026-10-03T23:00:00Z,5 PM,6 PM,12.4,13,mph,NW
hourly,2026-09-28T07:19:57Z,2026-09-28T08:19:57Z,71,America/Chicago,2026-09-28,2026-09-28T17:00:00Z,2026-09-28T18:00:00Z,12 PM,1 PM,3.1,10,mph,SE
hourly,2026-09-28T07:19:57Z,2026-09-28T08:19:57Z,71,America/Chicago,2026-09-29,2026-09-29T22:00:00Z,2026-09-29T23:00:00Z,5 PM,6 PM,3.9,8,mph,SSW
hourly,2026-09-28T07:19:57Z,2026-09-28T08:19:57Z,71,America/Chicago,2026-09-30,2026-09-30T21:00:00Z,2026-09-30T22:00:00Z,4 PM,5 PM,10.1,13,mph,WSW
hourly,2026-09-28T07:19:57Z,2026-09-28T08:19:57Z,71,America/Chicago,2026-10-01,2026-10-01T20:00:00Z,2026-10-01T21:00:00Z,3 PM,4 PM,11.1,18,mph,WNW
hourly,2026-09-28T07:19:57Z,2026-09-28T08:19:57Z,71,America/Chicago,2026-10-02,2026-10-02T19:00:00Z,2026-10-02T20:00:00Z,2 PM,3 PM,10.4,10,mph,W
hourly,2026-09-28T07:19:57Z,2026-09-28T08:19:57Z,71,America/Chicago,2026-10-03,2026-10-03T20:00:00Z,2026-10-03T21:00:00Z,3 PM,4 PM,8.7,16,mph,S
hourly,2026-09-28T07:19:57Z,2026-09-28T08:19:57Z,212,America/Chicago,2026-09-28,2026-09-28T11:00:00Z,2026-09-28T12:00:00Z,6 AM,7 AM,2.8,10,mph,SE
hourly,2026-09-28T07:19:57Z,2026-09-28T08:19:57Z,212,America/Chicago,2026-09-29,2026-09-29T22:00:00Z,2026-09-29T23:00:00Z,5 PM,6 PM,10.8,12,mph,SW
hourly,2026-09-28T07:19:57Z,2026-09-28T08:19:57Z,212,America/Chicago,2026-09-30,2026-09-30T21:00:00Z,2026-09-30T22:00:00Z,4 PM,5 PM,12.4,18,mph,NW
hourly,2026-09-28T07:19:57Z,2026-09-28T08:19:57Z,212,America/Chicago,2026-10-01,2026-10-01T20:00:00Z,2026-10-01T21:00:00Z,3 PM,4 PM,13.4,13,mph,W
hourly,2026-09-28T07:19:57Z,2026-09-28T08:19:57Z,212,America/Chicago,2026-10-02,2026-10-02T20:00:00Z,2026-10-02T21:00:00Z,3 PM,4 PM,12.4,14,mph,S
hourly,2026-09-28T07:19:57Z,2026-09-28T08:19:57Z,212,America/Chicago,2026-10-03,2026-10-03T21:00:00Z,2026-10-03T22:00:00Z,4 PM,5 PM,10.3,13,mph,NW
hourly,2026-09-28T07:19:58Z,2026-09-28T08:19:58Z,260,America/Chicago,2026-09-28,2026-09-28T20:00:00Z,2026-09-28T21:00:00Z,3 PM,4 PM,4.1,8,mph,E
hourly,2026-09-28T07:19:58Z,2026-09-28T08:19:58Z,260,America/Chicago,2026-09-29,2026-09-29T21:00:00Z,2026-09-29T22:00:00Z,4 PM,5 PM,13.6,14,mph,SW
hourly,2026-09-28T07:19:58Z,2026-09-28T08:19:58Z,260,America/Chicago,2026-09-30,2026-09-30T20:00:00Z,2026-09-30T21:00:00Z,3 PM,4 PM,12.9,17,mph,NW
hourly,2026-09-28T07:19:58Z,2026-09-28T08:19:58Z,260,America/Chicago,2026-10-01,2026-10-01T20:00:00Z,2026-10-01T21:00:00Z,3 PM,4 PM,13.5,14,mph,NW
hourly,2026-09-28T07:19:58Z,2026-09-28T08:19:58Z,260,America/Chicago,2026-10-02,2026-10-02T20:00:00Z,2026-10-02T21:00:00Z,3 PM,4 PM,12.9,12,mph,S
hourly,2026-09-28T07:19:58Z,2026-09-28T08:19:58Z,260,America/Chicago,2026-10-03,2026-10-03T20:00:00Z,2026-10-03T21:00:00Z,3 PM,4 PM,10.2,10,mph,W
hourly,2026-09-28T07:19:59Z,2026-09-28T08:19:59Z,37,America/Chicago,2026-09-28,2026-09-28T12:00:00Z,2026-09-28T13:00:00Z,7 AM,8 AM,1.7,5,mph,E
hourly,2026-09-28T07:19:59Z,2026-09-28T08:19:59Z,37,America/Chicago,2026-09-29,2026-09-29T22:00:00Z,2026-09-29T23:00:00Z,5 PM,6 PM,5.1,7,mph,SSW
hourly,2026-09-28T07:19:59Z,2026-09-28T08:19:59Z,37,America/Chicago,2026-09-30,2026-09-30T21:00:00Z,2026-09-30T22:00:00Z,4 PM,5 PM,11.4,13,mph,W
hourly,2026-09-28T07:19:59Z,2026-09-28T08:19:59Z,37,America/Chicago,2026-10-01,2026-10-01T21:00:00Z,2026-10-01T22:00:00Z,4 PM,5 PM,12.9,18,mph,WNW
hourly,2026-09-28T07:19:59Z,2026-09-28T08:19:59Z,37,America/Chicago,2026-10-02,2026-10-02T20:00:00Z,2026-10-02T21:00:00Z,3 PM,4 PM,11.6,14,mph,SW
hourly,2026-09-28T07:19:59Z,2026-09-28T08:19:59Z,37,America/Chicago,2026-10-03,2026-10-03T20:00:00Z,2026-10-03T21:00:00Z,3 PM,4 PM,8.9,20,mph,S
hourly,2026-09-28T07:20:00Z,2026-09-28T08:20:00Z,38,America/Chicago,2026-09-28,2026-09-28T11:00:00Z,2026-09-28T12:00:00Z,6 AM,7 AM,2.7,12,mph,E
hourly,2026-09-28T07:20:00Z,2026-09-28T08:20:00Z,38,America/Chicago,2026-09-29,2026-09-29T22:00:00Z,2026-09-29T23:00:00Z,5 PM,6 PM,5.2,8,mph,WSW
hourly,2026-09-28T07:20:00Z,2026-09-28T08:20:00Z,38,America/Chicago,2026-09-30,2026-09-30T21:00:00Z,2026-09-30T22:00:00Z,4 PM,5 PM,10.6,17,mph,WNW
hourly,2026-09-28T07:20:00Z,2026-09-28T08:20:00Z,38,America/Chicago,2026-10-01,2026-10-01T20:00:00Z,2026-10-01T21:00:00Z,3 PM,4 PM,11.9,21,mph,WNW
hourly,2026-09-28T07:20:00Z,2026-09-28T08:20:00Z,38,America/Chicago,2026-10-02,2026-10-02T20:00:00Z,2026-10-02T21:00:00Z,3 PM,4 PM,10.7,16,mph,SSW
hourly,2026-09-28T07:20:00Z,2026-09-28T08:20:00Z,38,America/Chicago,2026-10-03,2026-10-03T20:00:00Z,2026-10-03T21:00:00Z,3 PM,4 PM,7.7,18,mph,SSW
hourly,2026-09-28T07:20:01Z,2026-09-28T08:20:01Z,189,America/Chicago,2026-09-28,2026-09-28T11:00:00Z,2026-09-28T12:00:00Z,6 AM,7 AM,2.9,12,mph,SE
hourly,2026-09-28T07:20:01Z,2026-09-28T08:20:01Z,189,America/Chicago,2026-09-29,2026-09-29T21:00:00Z,2026-09-29T22:00:00Z,4 PM,5 PM,6.9,7,mph,W
hourly,2026-09-28T07:20:01Z,2026-09-28T08:20:01Z,189,America/Chicago,2026-09-30,2026-09-30T21:00:00Z,2026-09-30T22:00:00Z,4 PM,5 PM,11.5,16,mph,NW
hourly,2026-09-28T07:20:01Z,2026-09-28T08:20:01Z,189,America/Chicago,2026-10-01,2026-10-01T20:00:00Z,2026-10-01T21:00:00Z,3 PM,4 PM,12.6,14,mph,NW
hourly,2026-09-28T07:20:01Z,2026-09-28T08:20:01Z,189,America/Chicago,2026-10-02,2026-10-02T20:00:00Z,2026-10-02T21:00:00Z,3 PM,4 PM,11.7,16,mph,S
hourly,2026-09-28T07:20:01Z,2026-09-28T08:20:01Z,189,America/Chicago,2026-10-03,2026-10-03T20:00:00Z,2026-10-03T21:00:00Z,3 PM,4 PM,9.5,15,mph,SW
hourly,2026-09-28T07:20:02Z,2026-09-28T08:20:02Z,130,America/Chicago,2026-09-28,2026-09-28T11:00:00Z,2026-09-28T12:00:00Z,6 AM,7 AM,3.4,12,mph,E
hourly,2026-09-28T07:20:02Z,2026-09-28T08:20:02Z,130,America/Chicago,2026-09-29,2026-09-29T22:00:00Z,2026-09-29T23:00:00Z,5 PM,6 PM,17,17,mph,SW
hourly,2026-09-28T07:20:02Z,2026-09-28T08:20:02Z,130,America/Chicago,2026-09-30,2026-09-30T21:00:00Z,2026-09-30T22:00:00Z,4 PM,5 PM,13.1,20,mph,NW
hourly,2026-09-28T07:20:02Z,2026-09-28T08:20:02Z,130,America/Chicago,2026-10-01,2026-10-01T20:00:00Z,2026-10-01T21:00:00Z,3 PM,4 PM,14.2,14,mph,W
hourly,2026-09-28T07:20:02Z,2026-09-28T08:20:02Z,130,America/Chicago,2026-10-02,2026-10-02T21:00:00Z,2026-10-02T22:00:00Z,4 PM,5 PM,14.4,15,mph,S
hourly,2026-09-28T07:20:02Z,2026-09-28T08:20:02Z,130,America/Chicago,2026-10-03,2026-10-03T20:00:00Z,2026-10-03T21:00:00Z,3 PM,4 PM,11,14,mph,NW
hourly,2026-09-28T07:20:04Z,2026-09-28T08:20:04Z,73,America/Chicago,2026-09-28,2026-09-28T11:00:00Z,2026-09-28T12:00:00Z,6 AM,7 AM,2.6,10,mph,E
hourly,2026-09-28T07:20:04Z,2026-09-28T08:20:04Z,73,America/Chicago,2026-09-29,2026-09-29T21:00:00Z,2026-09-29T22:00:00Z,4 PM,5 PM,6.3,12,mph,WSW
hourly,2026-09-28T07:20:04Z,2026-09-28T08:20:04Z,73,America/Chicago,2026-09-30,2026-09-30T21:00:00Z,2026-09-30T22:00:00Z,4 PM,5 PM,11.3,18,mph,WNW
hourly,2026-09-28T07:20:04Z,2026-09-28T08:20:04Z,73,America/Chicago,2026-10-01,2026-10-01T19:00:00Z,2026-10-01T20:00:00Z,2 PM,3 PM,11.6,22,mph,WNW
hourly,2026-09-28T07:20:04Z,2026-09-28T08:20:04Z,73,America/Chicago,2026-10-02,2026-10-02T20:00:00Z,2026-10-02T21:00:00Z,3 PM,4 PM,10.9,15,mph,SW
hourly,2026-09-28T07:20:04Z,2026-09-28T08:20:04Z,73,America/Chicago,2026-10-03,2026-10-03T20:00:00Z,2026-10-03T21:00:00Z,3 PM,4 PM,8.1,20,mph,SSW
hourly,2026-09-28T07:20:05Z,2026-09-28T08:20:05Z,188,America/Chicago,2026-09-28,2026-09-28T19:00:00Z,2026-09-28T20:00:00Z,2 PM,3 PM,4.1,17,mph,S
hourly,2026-09-28T07:20:05Z,2026-09-28T08:20:05Z,188,America/Chicago,2026-09-29,2026-09-29T22:00:00Z,2026-09-29T23:00:00Z,5 PM,6 PM,4.8,6,mph,E
hourly,2026-09-28T07:20:05Z,2026-09-28T08:20:05Z,188,America/Chicago,2026-09-30,2026-09-30T21:00:00Z,2026-09-30T22:00:00Z,4 PM,5 PM,10.6,9,mph,W
hourly,2026-09-28T07:20:05Z,2026-09-28T08:20:05Z,188,America/Chicago,2026-10-01,2026-10-01T20:00:00Z,2026-10-01T21:00:00Z,3 PM,4 PM,13.4,15,mph,NW
hourly,2026-09-28T07:20:05Z,2026-09-28T08:20:05Z,188,America/Chicago,2026-10-02,2026-10-02T20:00:00Z,2026-10-02T21:00:00Z,3 PM,4 PM,12.4,13,mph,SW
hourly,2026-09-28T07:20:05Z,2026-09-28T08:20:05Z,188,America/Chicago,2026-10-03,2026-10-03T20:00:00Z,2026-10-03T21:00:00Z,3 PM,4 PM,9,16,mph,S
hourly,2026-09-28T07:20:06Z,2026-09-28T08:20:06Z,40,America/Chicago,2026-09-28,2026-09-28T11:00:00Z,2026-09-28T12:00:00Z,6 AM,7 AM,2.2,9,mph,E
hourly,2026-09-28T07:20:06Z,2026-09-28T08:20:06Z,40,America/Chicago,2026-09-29,2026-09-29T21:00:00Z,2026-09-29T22:00:00Z,4 PM,5 PM,11.4,14,mph,SW
hourly,2026-09-28T07:20:06Z,2026-09-28T08:20:06Z,40,America/Chicago,2026-09-30,2026-09-30T21:00:00Z,2026-09-30T22:00:00Z,4 PM,5 PM,11.8,17,mph,NW
hourly,2026-09-28T07:20:06Z,2026-09-28T08:20:06Z,40,America/Chicago,2026-10-01,2026-10-01T20:00:00Z,2026-10-01T21:00:00Z,3 PM,4 PM,13.3,13,mph,NW
hourly,2026-09-28T07:20:06Z,2026-09-28T08:20:06Z,40,America/Chicago,2026-10-02,2026-10-02T20:00:00Z,2026-10-02T21:00:00Z,3 PM,4 PM,12.5,13,mph,S
hourly,2026-09-28T07:20:06Z,2026-09-28T08:20:06Z,40,America/Chicago,2026-10-03,2026-10-03T21:00:00Z,2026-10-03T22:00:00Z,4 PM,5 PM,9.4,12,mph,NW
hourly,2026-09-28T07:20:07Z,2026-09-28T08:20:07Z,41,America/Chicago,2026-09-28,2026-09-28T19:00:00Z,2026-09-28T20:00:00Z,2 PM,3 PM,4,9,mph,SE
hourly,2026-09-28T07:20:07Z,2026-09-28T08:20:07Z,41,America/Chicago,2026-09-29,2026-09-29T22:00:00Z,2026-09-29T23:00:00Z,5 PM,6 PM,13.9,15,mph,SW
hourly,2026-09-28T07:20:07Z,2026-09-28T08:20:07Z,41,America/Chicago,2026-09-30,2026-09-30T20:00:00Z,2026-09-30T21:00:00Z,3 PM,4 PM,12.8,20,mph,NW
hourly,2026-09-28T07:20:07Z,2026-09-28T08:20:07Z,41,America/Chicago,2026-10-01,2026-10-01T20:00:00Z,2026-10-01T21:00:00Z,3 PM,4 PM,12.8,15,mph,W
hourly,2026-09-28T07:20:07Z,2026-09-28T08:20:07Z,41,America/Chicago,2026-10-02,2026-10-02T20:00:00Z,2026-10-02T21:00:00Z,3 PM,4 PM,13,12,mph,S
hourly,2026-09-28T07:20:07Z,2026-09-28T08:20:07Z,41,America/Chicago,2026-10-03,2026-10-03T20:00:00Z,2026-10-03T21:00:00Z,3 PM,4 PM,9.4,12,mph,NW
hourly,2026-09-28T07:20:08Z,2026-09-28T08:20:08Z,54,America/Chicago,2026-09-28,2026-09-28T19:00:00Z,2026-09-28T20:00:00Z,2 PM,3 PM,4.7,18,mph,SSE
hourly,2026-09-28T07:20:08Z,2026-09-28T08:20:08Z,54,America/Chicago,2026-09-29,2026-09-29T22:00:00Z,2026-09-29T23:00:00Z,5 PM,6 PM,4.1,6,mph,SE
hourly,2026-09-28T07:20:08Z,2026-09-28T08:20:08Z,54,America/Chicago,2026-09-30,2026-09-30T21:00:00Z,2026-09-30T22:00:00Z,4 PM,5 PM,10.2,8,mph,W
hourly,2026-09-28T07:20:08Z,2026-09-28T08:20:08Z,54,America/Chicago,2026-10-01,2026-10-01T21:00:00Z,2026-10-01T22:00:00Z,4 PM,5 PM,13.4,15,mph,NW
hourly,2026-09-28T07:20:08Z,2026-09-28T08:20:08Z,54,America/Chicago,2026-10-02,2026-10-02T20:00:00Z,2026-10-02T21:00:00Z,3 PM,4 PM,12.8,12,mph,SW
hourly,2026-09-28T07:20:08Z,2026-09-28T08:20:08Z,54,America/Chicago,2026-10-03,2026-10-03T20:00:00Z,2026-10-03T21:00:00Z,3 PM,4 PM,9.5,16,mph,S
hourly,2026-09-28T07:20:09Z,2026-09-28T08:20:09Z,270,America/Chicago,2026-09-28,2026-09-28T22:00:00Z,2026-09-28T23:00:00Z,5 PM,6 PM,6,5,mph,SSE
hourly,2026-09-28T07:20:09Z,2026-09-28T08:20:09Z,270,America/Chicago,2026-09-29,2026-09-29T15:00:00Z,2026-09-29T16:00:00Z,10 AM,11 AM,2.5,10,mph,S
hourly,2026-09-28T07:20:09Z,2026-09-28T08:20:09Z,270,America/Chicago,2026-09-30,2026-09-30T20:00:00Z,2026-09-30T21:00:00Z,3 PM,4 PM,6,5,mph,SW
hourly,2026-09-28T07:20:09Z,2026-09-28T08:20:09Z,270,America/Chicago,2026-10-01,2026-10-01T20:00:00Z,2026-10-01T21:00:00Z,3 PM,4 PM,11.2,15,mph,NW
hourly,2026-09-28T07:20:09Z,2026-09-28T08:20:09Z,270,America/Chicago,2026-10-02,2026-10-02T19:00:00Z,2026-10-02T20:00:00Z,2 PM,3 PM,11.2,5,mph,WNW
hourly,2026-09-28T07:20:09Z,2026-09-28T08:20:09Z,270,America/Chicago,2026-10-03,2026-10-03T20:00:00Z,2026-10-03T21:00:00Z,3 PM,4 PM,8.4,10,mph,S
hourly,2026-09-28T07:20:09Z,2026-09-28T08:20:09Z,228,America/Chicago,2026-09-28,2026-09-28T22:00:00Z,2026-09-28T23:00:00Z,5 PM,6 PM,4.1,15,mph,SSE
hourly,2026-09-28T07:20:09Z,2026-09-28T08:20:09Z,228,America/Chicago,2026-09-29,2026-09-29T21:00:00Z,2026-09-29T22:00:00Z,4 PM,5 PM,1.4,10,mph,SSE
hourly,2026-09-28T07:20:09Z,2026-09-28T08:20:09Z,228,America/Chicago,2026-09-30,2026-09-30T21:00:00Z,2026-09-30T22:00:00Z,4 PM,5 PM,6.5,5,mph,WSW
hourly,2026-09-28T07:20:09Z,2026-09-28T08:20:09Z,228,America/Chicago,2026-10-01,2026-10-01T20:00:00Z,2026-10-01T21:00:00Z,3 PM,4 PM,11.7,15,mph,NW
hourly,2026-09-28T07:20:09Z,2026-09-28T08:20:09Z,228,America/Chicago,2026-10-02,2026-10-02T19:00:00Z,2026-10-02T20:00:00Z,2 PM,3 PM,10.8,5,mph,W
hourly,2026-09-28T07:20:09Z,2026-09-28T08:20:09Z,228,America/Chicago,2026-10-03,2026-10-03T20:00:00Z,2026-10-03T21:00:00Z,3 PM,4 PM,7.5,15,mph,S
hourly,2026-09-28T07:20:10Z,2026-09-28T08:20:10Z,265,America/Denver,2026-09-28,2026-09-28T21:00:00Z,2026-09-28T22:00:00Z,3 PM,4 PM,5.7,6,mph,N
hourly,2026-09-28T07:20:10Z,2026-09-28T08:20:10Z,265,America/Denver,2026-09-29,2026-09-29T21:00:00Z,2026-09-29T22:00:00Z,3 PM,4 PM,19.5,16,mph,W
hourly,2026-09-28T07:20:10Z,2026-09-28T08:20:10Z,265,America/Denver,2026-09-30,2026-09-30T20:00:00Z,2026-09-30T21:00:00Z,2 PM,3 PM,14.9,17,mph,NW
hourly,2026-09-28T07:20:10Z,2026-09-28T08:20:10Z,265,America/Denver,2026-10-01,2026-10-01T20:00:00Z,2026-10-01T21:00:00Z,2 PM,3 PM,15.8,10,mph,W
hourly,2026-09-28T07:20:10Z,2026-09-28T08:20:10Z,265,America/Denver,2026-10-02,2026-10-02T20:00:00Z,2026-10-02T21:00:00Z,2 PM,3 PM,16.5,13,mph,S
hourly,2026-09-28T07:20:10Z,2026-09-28T08:20:10Z,265,America/Denver,2026-10-03,2026-10-03T21:00:00Z,2026-10-03T22:00:00Z,3 PM,4 PM,13.4,13,mph,NW
hourly,2026-09-28T07:20:11Z,2026-09-28T08:20:11Z,69,America/Denver,2026-09-28,2026-09-28T20:00:00Z,2026-09-28T21:00:00Z,2 PM,3 PM,2.7,6,mph,S
hourly,2026-09-28T07:20:11Z,2026-09-28T08:20:11Z,69,America/Denver,2026-09-29,2026-09-29T22:00:00Z,2026-09-29T23:00:00Z,4 PM,5 PM,13.8,7,mph,W
hourly,2026-09-28T07:20:11Z,2026-09-28T08:20:11Z,69,America/Denver,2026-09-30,2026-09-30T20:00:00Z,2026-09-30T21:00:00Z,2 PM,3 PM,13.4,18,mph,NW
hourly,2026-09-28T07:20:11Z,2026-09-28T08:20:11Z,69,America/Denver,2026-10-01,2026-10-01T20:00:00Z,2026-10-01T21:00:00Z,2 PM,3 PM,13.7,8,mph,NW
hourly,2026-09-28T07:20:11Z,2026-09-28T08:20:11Z,69,America/Denver,2026-10-02,2026-10-02T21:00:00Z,2026-10-02T22:00:00Z,3 PM,4 PM,13,15,mph,S
hourly,2026-09-28T07:20:11Z,2026-09-28T08:20:11Z,69,America/Denver,2026-10-03,2026-10-03T22:00:00Z,2026-10-03T23:00:00Z,4 PM,5 PM,11.4,8,mph,NW
hourly,2026-09-28T07:20:12Z,2026-09-28T08:20:12Z,235,America/Chicago,2026-09-28,2026-09-28T20:00:00Z,2026-09-28T21:00:00Z,3 PM,4 PM,4.1,15,mph,S
hourly,2026-09-28T07:20:12Z,2026-09-28T08:20:12Z,235,America/Chicago,2026-09-29,2026-09-29T21:00:00Z,2026-09-29T22:00:00Z,4 PM,5 PM,1.4,10,mph,SSE
hourly,2026-09-28T07:20:12Z,2026-09-28T08:20:12Z,235,America/Chicago,2026-09-30,2026-09-30T21:00:00Z,2026-09-30T22:00:00Z,4 PM,5 PM,5.2,5,mph,W
hourly,2026-09-28T07:20:12Z,2026-09-28T08:20:12Z,235,America/Chicago,2026-10-01,2026-10-01T19:00:00Z,2026-10-01T20:00:00Z,2 PM,3 PM,10.1,15,mph,NW
hourly,2026-09-28T07:20:12Z,2026-09-28T08:20:12Z,235,America/Chicago,2026-10-02,2026-10-02T19:00:00Z,2026-10-02T20:00:00Z,2 PM,3 PM,9.3,10,mph,W
hourly,2026-09-28T07:20:12Z,2026-09-28T08:20:12Z,235,America/Chicago,2026-10-03,2026-10-03T20:00:00Z,2026-10-03T21:00:00Z,3 PM,4 PM,6.4,15,mph,S
hourly,2026-09-28T07:20:12Z,2026-09-28T08:20:12Z,256,America/Chicago,2026-09-28,2026-09-28T11:00:00Z,2026-09-28T12:00:00Z,6 AM,7 AM,3.4,13,mph,SE
hourly,2026-09-28T07:20:12Z,2026-09-28T08:20:12Z,256,America/Chicago,2026-09-29,2026-09-29T20:00:00Z,2026-09-29T21:00:00Z,3 PM,4 PM,5.1,8,mph,W
hourly,2026-09-28T07:20:12Z,2026-09-28T08:20:12Z,256,America/Chicago,2026-09-30,2026-09-30T20:00:00Z,2026-09-30T21:00:00Z,3 PM,4 PM,10.7,16,mph,NW
hourly,2026-09-28T07:20:12Z,2026-09-28T08:20:12Z,256,America/Chicago,2026-10-01,2026-10-01T20:00:00Z,2026-10-01T21:00:00Z,3 PM,4 PM,12,15,mph,NW
hourly,2026-09-28T07:20:12Z,2026-09-28T08:20:12Z,256,America/Chicago,2026-10-02,2026-10-02T20:00:00Z,2026-10-02T21:00:00Z,3 PM,4 PM,11.2,17,mph,S
hourly,2026-09-28T07:20:12Z,2026-09-28T08:20:12Z,256,America/Chicago,2026-10-03,2026-10-03T19:00:00Z,2026-10-03T20:00:00Z,2 PM,3 PM,8.3,18,mph,S
hourly,2026-09-28T07:20:13Z,2026-09-28T08:20:13Z,194,America/Denver,2026-09-28,2026-09-28T20:00:00Z,2026-09-28T21:00:00Z,2 PM,3 PM,4.6,6,mph,S
hourly,2026-09-28T07:20:13Z,2026-09-28T08:20:13Z,194,America/Denver,2026-09-29,2026-09-29T22:00:00Z,2026-09-29T23:00:00Z,4 PM,5 PM,17.6,12,mph,W
hourly,2026-09-28T07:20:13Z,2026-09-28T08:20:13Z,194,America/Denver,2026-09-30,2026-09-30T20:00:00Z,2026-09-30T21:00:00Z,2 PM,3 PM,14.3,20,mph,NW
hourly,2026-09-28T07:20:13Z,2026-09-28T08:20:13Z,194,America/Denver,2026-10-01,2026-10-01T20:00:00Z,2026-10-01T21:00:00Z,2 PM,3 PM,14.7,10,mph,W
hourly,2026-09-28T07:20:13Z,2026-09-28T08:20:13Z,194,America/Denver,2026-10-02,2026-10-02T20:00:00Z,2026-10-02T21:00:00Z,2 PM,3 PM,15.2,15,mph,S
hourly,2026-09-28T07:20:13Z,2026-09-28T08:20:13Z,194,America/Denver,2026-10-03,2026-10-03T21:00:00Z,2026-10-03T22:00:00Z,3 PM,4 PM,12.7,13,mph,NW
hourly,2026-09-28T07:20:14Z,2026-09-28T08:20:14Z,145,America/Chicago,2026-09-28,2026-09-28T20:00:00Z,2026-09-28T21:00:00Z,3 PM,4 PM,2.6,6,mph,SE
hourly,2026-09-28T07:20:14Z,2026-09-28T08:20:14Z,145,America/Chicago,2026-09-29,2026-09-29T22:00:00Z,2026-09-29T23:00:00Z,5 PM,6 PM,16.1,14,mph,W
hourly,2026-09-28T07:20:14Z,2026-09-28T08:20:14Z,145,America/Chicago,2026-09-30,2026-09-30T21:00:00Z,2026-09-30T22:00:00Z,4 PM,5 PM,13.1,20,mph,NW
hourly,2026-09-28T07:20:14Z,2026-09-28T08:20:14Z,145,America/Chicago,2026-10-01,2026-10-01T20:00:00Z,2026-10-01T21:00:00Z,3 PM,4 PM,15,12,mph,NW
hourly,2026-09-28T07:20:14Z,2026-09-28T08:20:14Z,145,America/Chicago,2026-10-02,2026-10-02T20:00:00Z,2026-10-02T21:00:00Z,3 PM,4 PM,14.3,14,mph,S
hourly,2026-09-28T07:20:14Z,2026-09-28T08:20:14Z,145,America/Chicago,2026-10-03,2026-10-03T21:00:00Z,2026-10-03T22:00:00Z,4 PM,5 PM,11.9,13,mph,NW
hourly,2026-09-28T07:20:14Z,2026-09-28T08:20:14Z,214,America/Chicago,2026-09-28,2026-09-28T11:00:00Z,2026-09-28T12:00:00Z,6 AM,7 AM,1.8,10,mph,SE
hourly,2026-09-28T07:20:14Z,2026-09-28T08:20:14Z,214,America/Chicago,2026-09-29,2026-09-29T22:00:00Z,2026-09-29T23:00:00Z,5 PM,6 PM,10.4,6,mph,W
hourly,2026-09-28T07:20:14Z,2026-09-28T08:20:14Z,214,America/Chicago,2026-09-30,2026-09-30T20:00:00Z,2026-09-30T21:00:00Z,3 PM,4 PM,11.6,16,mph,NW
hourly,2026-09-28T07:20:14Z,2026-09-28T08:20:14Z,214,America/Chicago,2026-10-01,2026-10-01T20:00:00Z,2026-10-01T21:00:00Z,3 PM,4 PM,12.9,12,mph,NW
hourly,2026-09-28T07:20:14Z,2026-09-28T08:20:14Z,214,America/Chicago,2026-10-02,2026-10-02T20:00:00Z,2026-10-02T21:00:00Z,3 PM,4 PM,11.3,15,mph,S
hourly,2026-09-28T07:20:14Z,2026-09-28T08:20:14Z,214,America/Chicago,2026-10-03,2026-10-03T20:00:00Z,2026-10-03T21:00:00Z,3 PM,4 PM,9.1,12,mph,W
hourly,2026-09-28T07:20:15Z,2026-09-28T08:20:15Z,113,America/Chicago,2026-09-28,2026-09-28T12:00:00Z,2026-09-28T13:00:00Z,7 AM,8 AM,1.7,9,mph,E
hourly,2026-09-28T07:20:15Z,2026-09-28T08:20:15Z,113,America/Chicago,2026-09-29,2026-09-29T22:00:00Z,2026-09-29T23:00:00Z,5 PM,6 PM,7.6,9,mph,SW
hourly,2026-09-28T07:20:15Z,2026-09-28T08:20:15Z,113,America/Chicago,2026-09-30,2026-09-30T21:00:00Z,2026-09-30T22:00:00Z,4 PM,5 PM,12.4,16,mph,WNW
hourly,2026-09-28T07:20:15Z,2026-09-28T08:20:15Z,113,America/Chicago,2026-10-01,2026-10-01T20:00:00Z,2026-10-01T21:00:00Z,3 PM,4 PM,11.6,17,mph,WNW
hourly,2026-09-28T07:20:15Z,2026-09-28T08:20:15Z,113,America/Chicago,2026-10-02,2026-10-02T20:00:00Z,2026-10-02T21:00:00Z,3 PM,4 PM,10.7,13,mph,SSW
hourly,2026-09-28T07:20:15Z,2026-09-28T08:20:15Z,113,America/Chicago,2026-10-03,2026-10-03T20:00:00Z,2026-10-03T21:00:00Z,3 PM,4 PM,8.1,14,mph,SSW
hourly,2026-09-28T07:20:16Z,2026-09-28T08:20:16Z,128,America/Chicago,2026-09-28,2026-09-28T19:00:00Z,2026-09-28T20:00:00Z,2 PM,3 PM,4.1,8,mph,SE
hourly,2026-09-28T07:20:16Z,2026-09-28T08:20:16Z,128,America/Chicago,2026-09-29,2026-09-29T22:00:00Z,2026-09-29T23:00:00Z,5 PM,6 PM,15.4,20,mph,SW
hourly,2026-09-28T07:20:16Z,2026-09-28T08:20:16Z,128,America/Chicago,2026-09-30,2026-09-30T20:00:00Z,2026-09-30T21:00:00Z,3 PM,4 PM,11.4,20,mph,NW
hourly,2026-09-28T07:20:16Z,2026-09-28T08:20:16Z,128,America/Chicago,2026-10-01,2026-10-01T20:00:00Z,2026-10-01T21:00:00Z,3 PM,4 PM,12.5,15,mph,NW
hourly,2026-09-28T07:20:16Z,2026-09-28T08:20:16Z,128,America/Chicago,2026-10-02,2026-10-02T19:00:00Z,2026-10-02T20:00:00Z,2 PM,3 PM,11.8,14,mph,S
hourly,2026-09-28T07:20:16Z,2026-09-28T08:20:16Z,128,America/Chicago,2026-10-03,2026-10-03T20:00:00Z,2026-10-03T21:00:00Z,3 PM,4 PM,8.6,14,mph,NW
hourly,2026-09-28T07:20:17Z,2026-09-28T08:20:17Z,43,America/Chicago,2026-09-28,2026-09-28T20:00:00Z,2026-09-28T21:00:00Z,3 PM,4 PM,3.4,16,mph,S
hourly,2026-09-28T07:20:17Z,2026-09-28T08:20:17Z,43,America/Chicago,2026-09-29,2026-09-29T21:00:00Z,2026-09-29T22:00:00Z,4 PM,5 PM,4,6,mph,SW
hourly,2026-09-28T07:20:17Z,2026-09-28T08:20:17Z,43,America/Chicago,2026-09-30,2026-09-30T21:00:00Z,2026-09-30T22:00:00Z,4 PM,5 PM,9.9,9,mph,W
hourly,2026-09-28T07:20:17Z,2026-09-28T08:20:17Z,43,America/Chicago,2026-10-01,2026-10-01T19:00:00Z,2026-10-01T20:00:00Z,2 PM,3 PM,11.8,13,mph,NW
hourly,2026-09-28T07:20:17Z,2026-09-28T08:20:17Z,43,America/Chicago,2026-10-02,2026-10-02T20:00:00Z,2026-10-02T21:00:00Z,3 PM,4 PM,11.7,13,mph,S
hourly,2026-09-28T07:20:17Z,2026-09-28T08:20:17Z,43,America/Chicago,2026-10-03,2026-10-03T20:00:00Z,2026-10-03T21:00:00Z,3 PM,4 PM,8.5,15,mph,S
hourly,2026-09-28T07:20:17Z,2026-09-28T08:20:17Z,103,America/Chicago,2026-09-28,2026-09-28T20:00:00Z,2026-09-28T21:00:00Z,3 PM,4 PM,4,14,mph,S
hourly,2026-09-28T07:20:17Z,2026-09-28T08:20:17Z,103,America/Chicago,2026-09-29,2026-09-29T22:00:00Z,2026-09-29T23:00:00Z,5 PM,6 PM,1.4,9,mph,S
hourly,2026-09-28T07:20:17Z,2026-09-28T08:20:17Z,103,America/Chicago,2026-09-30,2026-09-30T21:00:00Z,2026-09-30T22:00:00Z,4 PM,5 PM,7.1,8,mph,WSW
hourly,2026-09-28T07:20:17Z,2026-09-28T08:20:17Z,103,America/Chicago,2026-10-01,2026-10-01T19:00:00Z,2026-10-01T20:00:00Z,2 PM,3 PM,10,17,mph,NW
hourly,2026-09-28T07:20:17Z,2026-09-28T08:20:17Z,103,America/Chicago,2026-10-02,2026-10-02T20:00:00Z,2026-10-02T21:00:00Z,3 PM,4 PM,10,9,mph,W
hourly,2026-09-28T07:20:17Z,2026-09-28T08:20:17Z,103,America/Chicago,2026-10-03,2026-10-03T20:00:00Z,2026-10-03T21:00:00Z,3 PM,4 PM,6.9,16,mph,S
hourly,2026-09-28T07:20:18Z,2026-09-28T08:20:18Z,171,America/Chicago,2026-09-28,2026-09-28T20:00:00Z,2026-09-28T21:00:00Z,3 PM,4 PM,2.3,6,mph,E
hourly,2026-09-28T07:20:18Z,2026-09-28T08:20:18Z,171,America/Chicago,2026-09-29,2026-09-29T22:00:00Z,2026-09-29T23:00:00Z,5 PM,6 PM,13.9,16,mph,SW
hourly,2026-09-28T07:20:18Z,2026-09-28T08:20:18Z,171,America/Chicago,2026-09-30,2026-09-30T19:00:00Z,2026-09-30T20:00:00Z,2 PM,3 PM,11.9,18,mph,NW
hourly,2026-09-28T07:20:18Z,2026-09-28T08:20:18Z,171,America/Chicago,2026-10-01,2026-10-01T19:00:00Z,2026-10-01T20:00:00Z,2 PM,3 PM,12.7,14,mph,W
hourly,2026-09-28T07:20:18Z,2026-09-28T08:20:18Z,171,America/Chicago,2026-10-02,2026-10-02T20:00:00Z,2026-10-02T21:00:00Z,3 PM,4 PM,12.4,14,mph,S
hourly,2026-09-28T07:20:18Z,2026-09-28T08:20:18Z,171,America/Chicago,2026-10-03,2026-10-03T20:00:00Z,2026-10-03T21:00:00Z,3 PM,4 PM,8.9,13,mph,NW
hourly,2026-09-28T07:20:19Z,2026-09-28T08:20:19Z,116,America/Chicago,2026-09-28,2026-09-28T20:00:00Z,2026-09-28T21:00:00Z,3 PM,4 PM,3.3,14,mph,S
hourly,2026-09-28T07:20:19Z,2026-09-28T08:20:19Z,116,America/Chicago,2026-09-29,2026-09-29T22:00:00Z,2026-09-29T23:00:00Z,5 PM,6 PM,1.4,10,mph,S
hourly,2026-09-28T07:20:19Z,2026-09-28T08:20:19Z,116,America/Chicago,2026-09-30,2026-09-30T21:00:00Z,2026-09-30T22:00:00Z,4 PM,5 PM,7.1,8,mph,WSW
hourly,2026-09-28T07:20:19Z,2026-09-28T08:20:19Z,116,America/Chicago,2026-10-01,2026-10-01T20:00:00Z,2026-10-01T21:00:00Z,3 PM,4 PM,10.1,16,mph,NW
hourly,2026-09-28T07:20:19Z,2026-09-28T08:20:19Z,116,America/Chicago,2026-10-02,2026-10-02T20:00:00Z,2026-10-02T21:00:00Z,3 PM,4 PM,9.6,10,mph,W
hourly,2026-09-28T07:20:19Z,2026-09-28T08:20:19Z,116,America/Chicago,2026-10-03,2026-10-03T20:00:00Z,2026-10-03T21:00:00Z,3 PM,4 PM,6.8,16,mph,S
hourly,2026-09-28T07:20:20Z,2026-09-28T08:20:20Z,196,America/Chicago,2026-09-28,2026-09-28T11:00:00Z,2026-09-28T12:00:00Z,6 AM,7 AM,3,8,mph,SE
hourly,2026-09-28T07:20:20Z,2026-09-28T08:20:20Z,196,America/Chicago,2026-09-29,2026-09-29T21:00:00Z,2026-09-29T22:00:00Z,4 PM,5 PM,7.8,14,mph,SW
hourly,2026-09-28T07:20:20Z,2026-09-28T08:20:20Z,196,America/Chicago,2026-09-30,2026-09-30T21:00:00Z,2026-09-30T22:00:00Z,4 PM,5 PM,9.6,17,mph,NW
hourly,2026-09-28T07:20:20Z,2026-09-28T08:20:20Z,196,America/Chicago,2026-10-01,2026-10-01T20:00:00Z,2026-10-01T21:00:00Z,3 PM,4 PM,10.7,17,mph,W
hourly,2026-09-28T07:20:20Z,2026-09-28T08:20:20Z,196,America/Chicago,2026-10-02,2026-10-02T20:00:00Z,2026-10-02T21:00:00Z,3 PM,4 PM,10.5,12,mph,S
hourly,2026-09-28T07:20:20Z,2026-09-28T08:20:20Z,196,America/Chicago,2026-10-03,2026-10-03T20:00:00Z,2026-10-03T21:00:00Z,3 PM,4 PM,6.9,15,mph,W
hourly,2026-09-28T07:20:21Z,2026-09-28T08:20:21Z,269,America/Chicago,2026-09-28,2026-09-28T21:00:00Z,2026-09-28T22:00:00Z,4 PM,5 PM,4.7,10,mph,SSE
hourly,2026-09-28T07:20:21Z,2026-09-28T08:20:21Z,269,America/Chicago,2026-09-29,2026-09-29T15:00:00Z,2026-09-29T16:00:00Z,10 AM,11 AM,1.9,10,mph,S
hourly,2026-09-28T07:20:21Z,2026-09-28T08:20:21Z,269,America/Chicago,2026-09-30,2026-09-30T20:00:00Z,2026-09-30T21:00:00Z,3 PM,4 PM,4.7,5,mph,WSW
hourly,2026-09-28T07:20:21Z,2026-09-28T08:20:21Z,269,America/Chicago,2026-10-01,2026-10-01T20:00:00Z,2026-10-01T21:00:00Z,3 PM,4 PM,10.3,15,mph,NW
hourly,2026-09-28T07:20:21Z,2026-09-28T08:20:21Z,269,America/Chicago,2026-10-02,2026-10-02T20:00:00Z,2026-10-02T21:00:00Z,3 PM,4 PM,10.3,5,mph,WNW
hourly,2026-09-28T07:20:21Z,2026-09-28T08:20:21Z,269,America/Chicago,2026-10-03,2026-10-03T19:00:00Z,2026-10-03T20:00:00Z,2 PM,3 PM,7.4,10,mph,S
hourly,2026-09-28T07:20:22Z,2026-09-28T08:20:22Z,88,America/Chicago,2026-09-28,2026-09-28T11:00:00Z,2026-09-28T12:00:00Z,6 AM,7 AM,2.7,10,mph,E
hourly,2026-09-28T07:20:22Z,2026-09-28T08:20:22Z,88,America/Chicago,2026-09-29,2026-09-29T21:00:00Z,2026-09-29T22:00:00Z,4 PM,5 PM,5.2,9,mph,WSW
hourly,2026-09-28T07:20:22Z,2026-09-28T08:20:22Z,88,America/Chicago,2026-09-30,2026-09-30T21:00:00Z,2026-09-30T22:00:00Z,4 PM,5 PM,10.6,18,mph,WNW
hourly,2026-09-28T07:20:22Z,2026-09-28T08:20:22Z,88,America/Chicago,2026-10-01,2026-10-01T20:00:00Z,2026-10-01T21:00:00Z,3 PM,4 PM,11.2,21,mph,WNW
hourly,2026-09-28T07:20:22Z,2026-09-28T08:20:22Z,88,America/Chicago,2026-10-02,2026-10-02T20:00:00Z,2026-10-02T21:00:00Z,3 PM,4 PM,9.8,15,mph,SW
hourly,2026-09-28T07:20:22Z,2026-09-28T08:20:22Z,88,America/Chicago,2026-10-03,2026-10-03T20:00:00Z,2026-10-03T21:00:00Z,3 PM,4 PM,7.3,20,mph,S
hourly,2026-09-28T07:20:23Z,2026-09-28T08:20:23Z,114,America/Chicago,2026-09-28,2026-09-28T20:00:00Z,2026-09-28T21:00:00Z,3 PM,4 PM,3.3,14,mph,SSE
hourly,2026-09-28T07:20:23Z,2026-09-28T08:20:23Z,114,America/Chicago,2026-09-29,2026-09-29T21:00:00Z,2026-09-29T22:00:00Z,4 PM,5 PM,1.4,9,mph,S
hourly,2026-09-28T07:20:23Z,2026-09-28T08:20:23Z,114,America/Chicago,2026-09-30,2026-09-30T21:00:00Z,2026-09-30T22:00:00Z,4 PM,5 PM,7.6,8,mph,WSW
hourly,2026-09-28T07:20:23Z,2026-09-28T08:20:23Z,114,America/Chicago,2026-10-01,2026-10-01T20:00:00Z,2026-10-01T21:00:00Z,3 PM,4 PM,10,16,mph,NW
hourly,2026-09-28T07:20:23Z,2026-09-28T08:20:23Z,114,America/Chicago,2026-10-02,2026-10-02T20:00:00Z,2026-10-02T21:00:00Z,3 PM,4 PM,10,10,mph,W
hourly,2026-09-28T07:20:23Z,2026-09-28T08:20:23Z,114,America/Chicago,2026-10-03,2026-10-03T20:00:00Z,2026-10-03T21:00:00Z,3 PM,4 PM,6.8,16,mph,S
hourly,2026-09-28T07:20:23Z,2026-09-28T08:20:23Z,3,America/Chicago,2026-09-28,2026-09-28T20:00:00Z,2026-09-28T21:00:00Z,3 PM,4 PM,2.6,15,mph,SSE
hourly,2026-09-28T07:20:23Z,2026-09-28T08:20:23Z,3,America/Chicago,2026-09-29,2026-09-29T20:00:00Z,2026-09-29T21:00:00Z,3 PM,4 PM,3.3,8,mph,S
hourly,2026-09-28T07:20:23Z,2026-09-28T08:20:23Z,3,America/Chicago,2026-09-30,2026-09-30T21:00:00Z,2026-09-30T22:00:00Z,4 PM,5 PM,11.1,10,mph,WSW
hourly,2026-09-28T07:20:23Z,2026-09-28T08:20:23Z,3,America/Chicago,2026-10-01,2026-10-01T20:00:00Z,2026-10-01T21:00:00Z,3 PM,4 PM,12.4,18,mph,NW
hourly,2026-09-28T07:20:23Z,2026-09-28T08:20:23Z,3,America/Chicago,2026-10-02,2026-10-02T19:00:00Z,2026-10-02T20:00:00Z,2 PM,3 PM,11.6,12,mph,WSW
hourly,2026-09-28T07:20:23Z,2026-09-28T08:20:23Z,3,America/Chicago,2026-10-03,2026-10-03T20:00:00Z,2026-10-03T21:00:00Z,3 PM,4 PM,8.9,18,mph,S
hourly,2026-09-28T07:20:24Z,2026-09-28T08:20:24Z,163,America/Chicago,2026-09-28,2026-09-28T11:00:00Z,2026-09-28T12:00:00Z,6 AM,7 AM,2.5,7,mph,ESE
hourly,2026-09-28T07:20:24Z,2026-09-28T08:20:24Z,163,America/Chicago,2026-09-29,2026-09-29T22:00:00Z,2026-09-29T23:00:00Z,5 PM,6 PM,8.1,10,mph,SW
hourly,2026-09-28T07:20:24Z,2026-09-28T08:20:24Z,163,America/Chicago,2026-09-30,2026-09-30T21:00:00Z,2026-09-30T22:00:00Z,4 PM,5 PM,12,16,mph,NW
hourly,2026-09-28T07:20:24Z,2026-09-28T08:20:24Z,163,America/Chicago,2026-10-01,2026-10-01T20:00:00Z,2026-10-01T21:00:00Z,3 PM,4 PM,11.9,17,mph,WNW
hourly,2026-09-28T07:20:24Z,2026-09-28T08:20:24Z,163,America/Chicago,2026-10-02,2026-10-02T22:00:00Z,2026-10-02T23:00:00Z,5 PM,6 PM,10.9,10,mph,S
hourly,2026-09-28T07:20:24Z,2026-09-28T08:20:24Z,163,America/Chicago,2026-10-03,2026-10-03T22:00:00Z,2026-10-03T23:00:00Z,5 PM,6 PM,8.6,13,mph,WSW
hourly,2026-09-28T07:20:25Z,2026-09-28T08:20:25Z,274,America/Chicago,2026-09-28,2026-09-28T20:00:00Z,2026-09-28T21:00:00Z,3 PM,4 PM,5.9,3,mph,S
hourly,2026-09-28T07:20:25Z,2026-09-28T08:20:25Z,274,America/Chicago,2026-09-29,2026-09-29T18:00:00Z,2026-09-29T19:00:00Z,1 PM,2 PM,7.6,12,mph,S
hourly,2026-09-28T07:20:25Z,2026-09-28T08:20:25Z,274,America/Chicago,2026-09-30,2026-09-30T19:00:00Z,2026-09-30T20:00:00Z,2 PM,3 PM,2,10,mph,S
hourly,2026-09-28T07:20:25Z,2026-09-28T08:20:25Z,274,America/Chicago,2026-10-01,2026-10-01T20:00:00Z,2026-10-01T21:00:00Z,3 PM,4 PM,8.5,12,mph,NW
hourly,2026-09-28T07:20:25Z,2026-09-28T08:20:25Z,274,America/Chicago,2026-10-02,2026-10-02T19:00:00Z,2026-10-02T20:00:00Z,2 PM,3 PM,9.7,5,mph,NW
hourly,2026-09-28T07:20:25Z,2026-09-28T08:20:25Z,274,America/Chicago,2026-10-03,2026-10-03T20:00:00Z,2026-10-03T21:00:00Z,3 PM,4 PM,8.1,7,mph,S
hourly,2026-09-28T07:20:26Z,2026-09-28T08:20:26Z,200,America/North_Dakota/Beulah,2026-09-28,2026-09-28T20:00:00Z,2026-09-28T21:00:00Z,3 PM,4 PM,3.1,6,mph,SE
hourly,2026-09-28T07:20:26Z,2026-09-28T08:20:26Z,200,America/North_Dakota/Beulah,2026-09-29,2026-09-29T22:00:00Z,2026-09-29T23:00:00Z,5 PM,6 PM,14,9,mph,SW
hourly,2026-09-28T07:20:26Z,2026-09-28T08:20:26Z,200,America/North_Dakota/Beulah,2026-09-30,2026-09-30T21:00:00Z,2026-09-30T22:00:00Z,4 PM,5 PM,14,17,mph,NW
hourly,2026-09-28T07:20:26Z,2026-09-28T08:20:26Z,200,America/North_Dakota/Beulah,2026-10-01,2026-10-01T21:00:00Z,2026-10-01T22:00:00Z,4 PM,5 PM,14.8,10,mph,NW
hourly,2026-09-28T07:20:26Z,2026-09-28T08:20:26Z,200,America/North_Dakota/Beulah,2026-10-02,2026-10-02T20:00:00Z,2026-10-02T21:00:00Z,3 PM,4 PM,14,13,mph,S
hourly,2026-09-28T07:20:26Z,2026-09-28T08:20:26Z,200,America/North_Dakota/Beulah,2026-10-03,2026-10-03T21:00:00Z,2026-10-03T22:00:00Z,4 PM,5 PM,11.8,10,mph,NW
hourly,2026-09-28T07:20:26Z,2026-09-28T08:20:26Z,216,America/Chicago,2026-09-28,2026-09-28T11:00:00Z,2026-09-28T12:00:00Z,6 AM,7 AM,2.8,12,mph,E
hourly,2026-09-28T07:20:26Z,2026-09-28T08:20:26Z,216,America/Chicago,2026-09-29,2026-09-29T21:00:00Z,2026-09-29T22:00:00Z,4 PM,5 PM,9.2,9,mph,SW
hourly,2026-09-28T07:20:26Z,2026-09-28T08:20:26Z,216,America/Chicago,2026-09-30,2026-09-30T20:00:00Z,2026-09-30T21:00:00Z,3 PM,4 PM,12.4,17,mph,NW
hourly,2026-09-28T07:20:26Z,2026-09-28T08:20:26Z,216,America/Chicago,2026-10-01,2026-10-01T20:00:00Z,2026-10-01T21:00:00Z,3 PM,4 PM,13.8,14,mph,W
hourly,2026-09-28T07:20:26Z,2026-09-28T08:20:26Z,216,America/Chicago,2026-10-02,2026-10-02T21:00:00Z,2026-10-02T22:00:00Z,4 PM,5 PM,12.7,15,mph,S
hourly,2026-09-28T07:20:26Z,2026-09-28T08:20:26Z,216,America/Chicago,2026-10-03,2026-10-03T21:00:00Z,2026-10-03T22:00:00Z,4 PM,5 PM,10,13,mph,W
hourly,2026-09-28T07:20:27Z,2026-09-28T08:20:27Z,64,America/Chicago,2026-09-28,2026-09-28T11:00:00Z,2026-09-28T12:00:00Z,6 AM,7 AM,2.2,6,mph,E
hourly,2026-09-28T07:20:27Z,2026-09-28T08:20:27Z,64,America/Chicago,2026-09-29,2026-09-29T22:00:00Z,2026-09-29T23:00:00Z,5 PM,6 PM,4.6,7,mph,SSW
hourly,2026-09-28T07:20:27Z,2026-09-28T08:20:27Z,64,America/Chicago,2026-09-30,2026-09-30T20:00:00Z,2026-09-30T21:00:00Z,3 PM,4 PM,11,14,mph,WNW
hourly,2026-09-28T07:20:27Z,2026-09-28T08:20:27Z,64,America/Chicago,2026-10-01,2026-10-01T20:00:00Z,2026-10-01T21:00:00Z,3 PM,4 PM,11.8,20,mph,WNW
hourly,2026-09-28T07:20:27Z,2026-09-28T08:20:27Z,64,America/Chicago,2026-10-02,2026-10-02T20:00:00Z,2026-10-02T21:00:00Z,3 PM,4 PM,10.8,14,mph,SW
hourly,2026-09-28T07:20:27Z,2026-09-28T08:20:27Z,64,America/Chicago,2026-10-03,2026-10-03T20:00:00Z,2026-10-03T21:00:00Z,3 PM,4 PM,7.4,18,mph,S
hourly,2026-09-28T07:20:28Z,2026-09-28T08:20:28Z,251,America/Chicago,2026-09-28,2026-09-28T20:00:00Z,2026-09-28T21:00:00Z,3 PM,4 PM,4.8,7,mph,S
hourly,2026-09-28T07:20:28Z,2026-09-28T08:20:28Z,251,America/Chicago,2026-09-29,2026-09-29T20:00:00Z,2026-09-29T21:00:00Z,3 PM,4 PM,5.7,13,mph,S
hourly,2026-09-28T07:20:28Z,2026-09-28T08:20:28Z,251,America/Chicago,2026-09-30,2026-09-30T20:00:00Z,2026-09-30T21:00:00Z,3 PM,4 PM,2.7,9,mph,S
hourly,2026-09-28T07:20:28Z,2026-09-28T08:20:28Z,251,America/Chicago,2026-10-01,2026-10-01T19:00:00Z,2026-10-01T20:00:00Z,2 PM,3 PM,8,13,mph,NW
hourly,2026-09-28T07:20:28Z,2026-09-28T08:20:28Z,251,America/Chicago,2026-10-02,2026-10-02T19:00:00Z,2026-10-02T20:00:00Z,2 PM,3 PM,8.7,6,mph,NW
hourly,2026-09-28T07:20:28Z,2026-09-28T08:20:28Z,251,America/Chicago,2026-10-03,2026-10-03T20:00:00Z,2026-10-03T21:00:00Z,3 PM,4 PM,7.5,10,mph,S
hourly,2026-09-28T07:20:28Z,2026-09-28T08:20:28Z,115,America/Chicago,2026-09-28,2026-09-28T20:00:00Z,2026-09-28T21:00:00Z,3 PM,4 PM,3.2,13,mph,SSE
hourly,2026-09-28T07:20:28Z,2026-09-28T08:20:28Z,115,America/Chicago,2026-09-29,2026-09-29T21:00:00Z,2026-09-29T22:00:00Z,4 PM,5 PM,1.4,9,mph,S
hourly,2026-09-28T07:20:28Z,2026-09-28T08:20:28Z,115,America/Chicago,2026-09-30,2026-09-30T21:00:00Z,2026-09-30T22:00:00Z,4 PM,5 PM,8.7,9,mph,WSW
hourly,2026-09-28T07:20:28Z,2026-09-28T08:20:28Z,115,America/Chicago,2026-10-01,2026-10-01T20:00:00Z,2026-10-01T21:00:00Z,3 PM,4 PM,10.8,16,mph,WNW
hourly,2026-09-28T07:20:28Z,2026-09-28T08:20:28Z,115,America/Chicago,2026-10-02,2026-10-02T20:00:00Z,2026-10-02T21:00:00Z,3 PM,4 PM,10.7,10,mph,W
hourly,2026-09-28T07:20:28Z,2026-09-28T08:20:28Z,115,America/Chicago,2026-10-03,2026-10-03T19:00:00Z,2026-10-03T20:00:00Z,2 PM,3 PM,7.5,16,mph,S
hourly,2026-09-28T07:20:29Z,2026-09-28T08:20:29Z,168,America/Chicago,2026-09-28,2026-09-28T21:00:00Z,2026-09-28T22:00:00Z,4 PM,5 PM,5,5,mph,E
hourly,2026-09-28T07:20:29Z,2026-09-28T08:20:29Z,168,America/Chicago,2026-09-29,2026-09-29T21:00:00Z,2026-09-29T22:00:00Z,4 PM,5 PM,17.3,21,mph,SW
hourly,2026-09-28T07:20:29Z,2026-09-28T08:20:29Z,168,America/Chicago,2026-09-30,2026-09-30T21:00:00Z,2026-09-30T22:00:00Z,4 PM,5 PM,11.9,20,mph,NW
hourly,2026-09-28T07:20:29Z,2026-09-28T08:20:29Z,168,America/Chicago,2026-10-01,2026-10-01T20:00:00Z,2026-10-01T21:00:00Z,3 PM,4 PM,14.1,12,mph,W
hourly,2026-09-28T07:20:29Z,2026-09-28T08:20:29Z,168,America/Chicago,2026-10-02,2026-10-02T20:00:00Z,2026-10-02T21:00:00Z,3 PM,4 PM,13,13,mph,S
hourly,2026-09-28T07:20:29Z,2026-09-28T08:20:29Z,168,America/Chicago,2026-10-03,2026-10-03T22:00:00Z,2026-10-03T23:00:00Z,5 PM,6 PM,10.3,14,mph,NW
hourly,2026-09-28T07:20:30Z,2026-09-28T08:20:30Z,67,America/Chicago,2026-09-28,2026-09-28T22:00:00Z,2026-09-28T23:00:00Z,5 PM,6 PM,3.1,6,mph,E
hourly,2026-09-28T07:20:30Z,2026-09-28T08:20:30Z,67,America/Chicago,2026-09-29,2026-09-29T22:00:00Z,2026-09-29T23:00:00Z,5 PM,6 PM,14,13,mph,SW
hourly,2026-09-28T07:20:30Z,2026-09-28T08:20:30Z,67,America/Chicago,2026-09-30,2026-09-30T21:00:00Z,2026-09-30T22:00:00Z,4 PM,5 PM,13.5,18,mph,NW
hourly,2026-09-28T07:20:30Z,2026-09-28T08:20:30Z,67,America/Chicago,2026-10-01,2026-10-01T20:00:00Z,2026-10-01T21:00:00Z,3 PM,4 PM,14.1,13,mph,W
hourly,2026-09-28T07:20:30Z,2026-09-28T08:20:30Z,67,America/Chicago,2026-10-02,2026-10-02T20:00:00Z,2026-10-02T21:00:00Z,3 PM,4 PM,13.5,13,mph,S
hourly,2026-09-28T07:20:30Z,2026-09-28T08:20:30Z,67,America/Chicago,2026-10-03,2026-10-03T20:00:00Z,2026-10-03T21:00:00Z,3 PM,4 PM,11,12,mph,NW
hourly,2026-09-28T07:20:31Z,2026-09-28T08:20:31Z,175,America/Chicago,2026-09-28,2026-09-28T22:00:00Z,2026-09-28T23:00:00Z,5 PM,6 PM,5.6,5,mph,NE
hourly,2026-09-28T07:20:31Z,2026-09-28T08:20:31Z,175,America/Chicago,2026-09-29,2026-09-29T22:00:00Z,2026-09-29T23:00:00Z,5 PM,6 PM,18.5,16,mph,SW
hourly,2026-09-28T07:20:31Z,2026-09-28T08:20:31Z,175,America/Chicago,2026-09-30,2026-09-30T20:00:00Z,2026-09-30T21:00:00Z,3 PM,4 PM,14,18,mph,NW
hourly,2026-09-28T07:20:31Z,2026-09-28T08:20:31Z,175,America/Chicago,2026-10-01,2026-10-01T20:00:00Z,2026-10-01T21:00:00Z,3 PM,4 PM,15.4,10,mph,W
hourly,2026-09-28T07:20:31Z,2026-09-28T08:20:31Z,175,America/Chicago,2026-10-02,2026-10-02T20:00:00Z,2026-10-02T21:00:00Z,3 PM,4 PM,15.9,13,mph,S
hourly,2026-09-28T07:20:31Z,2026-09-28T08:20:31Z,175,America/Chicago,2026-10-03,2026-10-03T20:00:00Z,2026-10-03T21:00:00Z,3 PM,4 PM,11.8,12,mph,NW
hourly,2026-09-28T07:20:32Z,2026-09-28T08:20:32Z,146,America/Chicago,2026-09-28,2026-09-28T11:00:00Z,2026-09-28T12:00:00Z,6 AM,7 AM,3.1,12,mph,E
hourly,2026-09-28T07:20:32Z,2026-09-28T08:20:32Z,146,America/Chicago,2026-09-29,2026-09-29T21:00:00Z,2026-09-29T22:00:00Z,4 PM,5 PM,14.1,17,mph,SW
hourly,2026-09-28T07:20:32Z,2026-09-28T08:20:32Z,146,America/Chicago,2026-09-30,2026-09-30T20:00:00Z,2026-09-30T21:00:00Z,3 PM,4 PM,11,17,mph,NW
hourly,2026-09-28T07:20:32Z,2026-09-28T08:20:32Z,146,America/Chicago,2026-10-01,2026-10-01T20:00:00Z,2026-10-01T21:00:00Z,3 PM,4 PM,12,14,mph,W
hourly,2026-09-28T07:20:32Z,2026-09-28T08:20:32Z,146,America/Chicago,2026-10-02,2026-10-02T20:00:00Z,2026-10-02T21:00:00Z,3 PM,4 PM,11.4,12,mph,S
hourly,2026-09-28T07:20:32Z,2026-09-28T08:20:32Z,146,America/Chicago,2026-10-03,2026-10-03T20:00:00Z,2026-10-03T21:00:00Z,3 PM,4 PM,7.6,12,mph,NW
hourly,2026-09-28T07:20:33Z,2026-09-28T08:20:33Z,170,America/Chicago,2026-09-28,2026-09-28T18:00:00Z,2026-09-28T19:00:00Z,1 PM,2 PM,2.5,8,mph,E
hourly,2026-09-28T07:20:33Z,2026-09-28T08:20:33Z,170,America/Chicago,2026-09-29,2026-09-29T22:00:00Z,2026-09-29T23:00:00Z,5 PM,6 PM,15.3,18,mph,SW
hourly,2026-09-28T07:20:33Z,2026-09-28T08:20:33Z,170,America/Chicago,2026-09-30,2026-09-30T19:00:00Z,2026-09-30T20:00:00Z,2 PM,3 PM,12.2,18,mph,NW
hourly,2026-09-28T07:20:33Z,2026-09-28T08:20:33Z,170,America/Chicago,2026-10-01,2026-10-01T20:00:00Z,2026-10-01T21:00:00Z,3 PM,4 PM,13.4,14,mph,W
hourly,2026-09-28T07:20:33Z,2026-09-28T08:20:33Z,170,America/Chicago,2026-10-02,2026-10-02T19:00:00Z,2026-10-02T20:00:00Z,2 PM,3 PM,12.9,15,mph,S
hourly,2026-09-28T07:20:33Z,2026-09-28T08:20:33Z,170,America/Chicago,2026-10-03,2026-10-03T19:00:00Z,2026-10-03T20:00:00Z,2 PM,3 PM,9.3,13,mph,NW
hourly,2026-09-28T07:20:34Z,2026-09-28T08:20:34Z,197,America/Denver,2026-09-28,2026-09-28T13:00:00Z,2026-09-28T14:00:00Z,7 AM,8 AM,1.8,13,mph,SE
hourly,2026-09-28T07:20:34Z,2026-09-28T08:20:34Z,197,America/Denver,2026-09-29,2026-09-29T22:00:00Z,2026-09-29T23:00:00Z,4 PM,5 PM,8.8,6,mph,W
hourly,2026-09-28T07:20:34Z,2026-09-28T08:20:34Z,197,America/Denver,2026-09-30,2026-09-30T20:00:00Z,2026-09-30T21:00:00Z,2 PM,3 PM,10.7,20,mph,NW
hourly,2026-09-28T07:20:34Z,2026-09-28T08:20:34Z,197,America/Denver,2026-10-01,2026-10-01T20:00:00Z,2026-10-01T21:00:00Z,2 PM,3 PM,11.4,10,mph,NW
hourly,2026-09-28T07:20:34Z,2026-09-28T08:20:34Z,197,America/Denver,2026-10-02,2026-10-02T20:00:00Z,2026-10-02T21:00:00Z,2 PM,3 PM,9.5,17,mph,S
hourly,2026-09-28T07:20:34Z,2026-09-28T08:20:34Z,197,America/Denver,2026-10-03,2026-10-03T21:00:00Z,2026-10-03T22:00:00Z,3 PM,4 PM,7.8,13,mph,W
hourly,2026-09-28T07:20:35Z,2026-09-28T08:20:35Z,44,America/Chicago,2026-09-28,2026-09-28T19:00:00Z,2026-09-28T20:00:00Z,2 PM,3 PM,2.6,16,mph,SSE
hourly,2026-09-28T07:20:35Z,2026-09-28T08:20:35Z,44,America/Chicago,2026-09-29,2026-09-29T22:00:00Z,2026-09-29T23:00:00Z,5 PM,6 PM,5.9,7,mph,S
hourly,2026-09-28T07:20:35Z,2026-09-28T08:20:35Z,44,America/Chicago,2026-09-30,2026-09-30T20:00:00Z,2026-09-30T21:00:00Z,3 PM,4 PM,12.3,12,mph,W
hourly,2026-09-28T07:20:35Z,2026-09-28T08:20:35Z,44,America/Chicago,2026-10-01,2026-10-01T20:00:00Z,2026-10-01T21:00:00Z,3 PM,4 PM,13.6,20,mph,NW
hourly,2026-09-28T07:20:35Z,2026-09-28T08:20:35Z,44,America/Chicago,2026-10-02,2026-10-02T19:00:00Z,2026-10-02T20:00:00Z,2 PM,3 PM,12.1,14,mph,WSW
hourly,2026-09-28T07:20:35Z,2026-09-28T08:20:35Z,44,America/Chicago,2026-10-03,2026-10-03T20:00:00Z,2026-10-03T21:00:00Z,3 PM,4 PM,9.8,20,mph,S
hourly,2026-09-28T07:20:36Z,2026-09-28T08:20:36Z,206,America/Denver,2026-09-28,2026-09-28T21:00:00Z,2026-09-28T22:00:00Z,3 PM,4 PM,5.3,6,mph,SW
hourly,2026-09-28T07:20:36Z,2026-09-28T08:20:36Z,206,America/Denver,2026-09-29,2026-09-29T22:00:00Z,2026-09-29T23:00:00Z,4 PM,5 PM,18.6,14,mph,W
hourly,2026-09-28T07:20:36Z,2026-09-28T08:20:36Z,206,America/Denver,2026-09-30,2026-09-30T20:00:00Z,2026-09-30T21:00:00Z,2 PM,3 PM,14.6,20,mph,NW
hourly,2026-09-28T07:20:36Z,2026-09-28T08:20:36Z,206,America/Denver,2026-10-01,2026-10-01T20:00:00Z,2026-10-01T21:00:00Z,2 PM,3 PM,15.5,12,mph,NW
hourly,2026-09-28T07:20:36Z,2026-09-28T08:20:36Z,206,America/Denver,2026-10-02,2026-10-02T20:00:00Z,2026-10-02T21:00:00Z,2 PM,3 PM,16.2,15,mph,S
hourly,2026-09-28T07:20:36Z,2026-09-28T08:20:36Z,206,America/Denver,2026-10-03,2026-10-03T22:00:00Z,2026-10-03T23:00:00Z,4 PM,5 PM,13.2,14,mph,NW
hourly,2026-09-28T07:20:37Z,2026-09-28T08:20:37Z,133,America/Chicago,2026-09-28,2026-09-28T22:00:00Z,2026-09-28T23:00:00Z,5 PM,6 PM,3,6,mph,E
hourly,2026-09-28T07:20:37Z,2026-09-28T08:20:37Z,133,America/Chicago,2026-09-29,2026-09-29T22:00:00Z,2026-09-29T23:00:00Z,5 PM,6 PM,15.9,18,mph,SW
hourly,2026-09-28T07:20:37Z,2026-09-28T08:20:37Z,133,America/Chicago,2026-09-30,2026-09-30T20:00:00Z,2026-09-30T21:00:00Z,3 PM,4 PM,12.7,21,mph,NW
hourly,2026-09-28T07:20:37Z,2026-09-28T08:20:37Z,133,America/Chicago,2026-10-01,2026-10-01T20:00:00Z,2026-10-01T21:00:00Z,3 PM,4 PM,13.4,15,mph,W
hourly,2026-09-28T07:20:37Z,2026-09-28T08:20:37Z,133,America/Chicago,2026-10-02,2026-10-02T20:00:00Z,2026-10-02T21:00:00Z,3 PM,4 PM,13.1,16,mph,S
hourly,2026-09-28T07:20:37Z,2026-09-28T08:20:37Z,133,America/Chicago,2026-10-03,2026-10-03T20:00:00Z,2026-10-03T21:00:00Z,3 PM,4 PM,10.1,15,mph,NW
hourly,2026-09-28T07:20:38Z,2026-09-28T08:20:38Z,106,America/Chicago,2026-09-28,2026-09-28T21:00:00Z,2026-09-28T22:00:00Z,4 PM,5 PM,3.7,6,mph,SE
hourly,2026-09-28T07:20:38Z,2026-09-28T08:20:38Z,106,America/Chicago,2026-09-29,2026-09-29T22:00:00Z,2026-09-29T23:00:00Z,5 PM,6 PM,16.7,20,mph,SW
hourly,2026-09-28T07:20:38Z,2026-09-28T08:20:38Z,106,America/Chicago,2026-09-30,2026-09-30T19:00:00Z,2026-09-30T20:00:00Z,2 PM,3 PM,11.7,21,mph,NW
hourly,2026-09-28T07:20:38Z,2026-09-28T08:20:38Z,106,America/Chicago,2026-10-01,2026-10-01T20:00:00Z,2026-10-01T21:00:00Z,3 PM,4 PM,13.4,15,mph,W
hourly,2026-09-28T07:20:38Z,2026-09-28T08:20:38Z,106,America/Chicago,2026-10-02,2026-10-02T19:00:00Z,2026-10-02T20:00:00Z,2 PM,3 PM,11.9,17,mph,S
hourly,2026-09-28T07:20:38Z,2026-09-28T08:20:38Z,106,America/Chicago,2026-10-03,2026-10-03T20:00:00Z,2026-10-03T21:00:00Z,3 PM,4 PM,9.3,15,mph,NW
hourly,2026-09-28T07:20:39Z,2026-09-28T08:20:39Z,100,America/Denver,2026-09-28,2026-09-28T23:00:00Z,2026-09-29T00:00:00Z,5 PM,6 PM,9.6,3,mph,SSE
hourly,2026-09-28T07:20:39Z,2026-09-28T08:20:39Z,100,America/Denver,2026-09-29,2026-09-29T21:00:00Z,2026-09-29T22:00:00Z,3 PM,4 PM,18.6,20,mph,WSW
hourly,2026-09-28T07:20:39Z,2026-09-28T08:20:39Z,100,America/Denver,2026-09-30,2026-09-30T22:00:00Z,2026-09-30T23:00:00Z,4 PM,5 PM,13.2,20,mph,NW
hourly,2026-09-28T07:20:39Z,2026-09-28T08:20:39Z,100,America/Denver,2026-10-01,2026-10-01T21:00:00Z,2026-10-01T22:00:00Z,3 PM,4 PM,15.2,12,mph,WNW
hourly,2026-09-28T07:20:39Z,2026-09-28T08:20:39Z,100,America/Denver,2026-10-02,2026-10-02T21:00:00Z,2026-10-02T22:00:00Z,3 PM,4 PM,13.6,13,mph,SSE
hourly,2026-09-28T07:20:39Z,2026-09-28T08:20:39Z,100,America/Denver,2026-10-03,2026-10-03T21:00:00Z,2026-10-03T22:00:00Z,3 PM,4 PM,11.3,14,mph,NNW
hourly,2026-09-28T07:20:40Z,2026-09-28T08:20:40Z,121,America/Chicago,2026-09-28,2026-09-28T20:00:00Z,2026-09-28T21:00:00Z,3 PM,4 PM,4.7,10,mph,SSE
hourly,2026-09-28T07:20:40Z,2026-09-28T08:20:40Z,121,America/Chicago,2026-09-29,2026-09-29T11:00:00Z,2026-09-29T12:00:00Z,6 AM,7 AM,1.8,10,mph,S
hourly,2026-09-28T07:20:40Z,2026-09-28T08:20:40Z,121,America/Chicago,2026-09-30,2026-09-30T21:00:00Z,2026-09-30T22:00:00Z,4 PM,5 PM,6.5,5,mph,SW
hourly,2026-09-28T07:20:40Z,2026-09-28T08:20:40Z,121,America/Chicago,2026-10-01,2026-10-01T20:00:00Z,2026-10-01T21:00:00Z,3 PM,4 PM,10.1,15,mph,NW
hourly,2026-09-28T07:20:40Z,2026-09-28T08:20:40Z,121,America/Chicago,2026-10-02,2026-10-02T19:00:00Z,2026-10-02T20:00:00Z,2 PM,3 PM,9.7,5,mph,WNW
hourly,2026-09-28T07:20:40Z,2026-09-28T08:20:40Z,121,America/Chicago,2026-10-03,2026-10-03T20:00:00Z,2026-10-03T21:00:00Z,3 PM,4 PM,7.4,15,mph,S
hourly,2026-09-28T07:20:40Z,2026-09-28T08:20:40Z,45,America/Chicago,2026-09-28,2026-09-28T11:00:00Z,2026-09-28T12:00:00Z,6 AM,7 AM,4.5,13,mph,SE
hourly,2026-09-28T07:20:40Z,2026-09-28T08:20:40Z,45,America/Chicago,2026-09-29,2026-09-29T21:00:00Z,2026-09-29T22:00:00Z,4 PM,5 PM,6.4,9,mph,W
hourly,2026-09-28T07:20:40Z,2026-09-28T08:20:40Z,45,America/Chicago,2026-09-30,2026-09-30T21:00:00Z,2026-09-30T22:00:00Z,4 PM,5 PM,10.5,18,mph,NW
hourly,2026-09-28T07:20:40Z,2026-09-28T08:20:40Z,45,America/Chicago,2026-10-01,2026-10-01T20:00:00Z,2026-10-01T21:00:00Z,3 PM,4 PM,12.1,17,mph,NW
hourly,2026-09-28T07:20:40Z,2026-09-28T08:20:40Z,45,America/Chicago,2026-10-02,2026-10-02T20:00:00Z,2026-10-02T21:00:00Z,3 PM,4 PM,10.9,18,mph,S
hourly,2026-09-28T07:20:40Z,2026-09-28T08:20:40Z,45,America/Chicago,2026-10-03,2026-10-03T20:00:00Z,2026-10-03T21:00:00Z,3 PM,4 PM,7.9,18,mph,SW
hourly,2026-09-28T07:20:41Z,2026-09-28T08:20:41Z,46,America/Chicago,2026-09-28,2026-09-28T12:00:00Z,2026-09-28T13:00:00Z,7 AM,8 AM,2.5,7,mph,SE
hourly,2026-09-28T07:20:41Z,2026-09-28T08:20:41Z,46,America/Chicago,2026-09-29,2026-09-29T21:00:00Z,2026-09-29T22:00:00Z,4 PM,5 PM,7.4,13,mph,SW
hourly,2026-09-28T07:20:41Z,2026-09-28T08:20:41Z,46,America/Chicago,2026-09-30,2026-09-30T21:00:00Z,2026-09-30T22:00:00Z,4 PM,5 PM,10.7,15,mph,NW
hourly,2026-09-28T07:20:41Z,2026-09-28T08:20:41Z,46,America/Chicago,2026-10-01,2026-10-01T20:00:00Z,2026-10-01T21:00:00Z,3 PM,4 PM,11.3,16,mph,NW
hourly,2026-09-28T07:20:41Z,2026-09-28T08:20:41Z,46,America/Chicago,2026-10-02,2026-10-02T20:00:00Z,2026-10-02T21:00:00Z,3 PM,4 PM,10.6,12,mph,SW
hourly,2026-09-28T07:20:41Z,2026-09-28T08:20:41Z,46,America/Chicago,2026-10-03,2026-10-03T20:00:00Z,2026-10-03T21:00:00Z,3 PM,4 PM,7.5,14,mph,SW
hourly,2026-09-28T07:20:42Z,2026-09-28T08:20:42Z,264,America/Chicago,2026-09-28,2026-09-28T20:00:00Z,2026-09-28T21:00:00Z,3 PM,4 PM,2.6,15,mph,SSE
hourly,2026-09-28T07:20:42Z,2026-09-28T08:20:42Z,264,America/Chicago,2026-09-29,2026-09-29T21:00:00Z,2026-09-29T22:00:00Z,4 PM,5 PM,1.4,8,mph,S
hourly,2026-09-28T07:20:42Z,2026-09-28T08:20:42Z,264,America/Chicago,2026-09-30,2026-09-30T22:00:00Z,2026-09-30T23:00:00Z,5 PM,6 PM,7.6,7,mph,WSW
hourly,2026-09-28T07:20:42Z,2026-09-28T08:20:42Z,264,America/Chicago,2026-10-01,2026-10-01T20:00:00Z,2026-10-01T21:00:00Z,3 PM,4 PM,10.7,15,mph,NW
hourly,2026-09-28T07:20:42Z,2026-09-28T08:20:42Z,264,America/Chicago,2026-10-02,2026-10-02T20:00:00Z,2026-10-02T21:00:00Z,3 PM,4 PM,10,9,mph,WSW
hourly,2026-09-28T07:20:42Z,2026-09-28T08:20:42Z,264,America/Chicago,2026-10-03,2026-10-03T19:00:00Z,2026-10-03T20:00:00Z,2 PM,3 PM,6.8,16,mph,S
hourly,2026-09-28T07:20:43Z,2026-09-28T08:20:43Z,61,America/Chicago,2026-09-28,2026-09-28T18:00:00Z,2026-09-28T19:00:00Z,1 PM,2 PM,3.6,8,mph,ESE
hourly,2026-09-28T07:20:43Z,2026-09-28T08:20:43Z,61,America/Chicago,2026-09-29,2026-09-29T21:00:00Z,2026-09-29T22:00:00Z,4 PM,5 PM,3.9,9,mph,SSW
hourly,2026-09-28T07:20:43Z,2026-09-28T08:20:43Z,61,America/Chicago,2026-09-30,2026-09-30T21:00:00Z,2026-09-30T22:00:00Z,4 PM,5 PM,10.5,13,mph,W
hourly,2026-09-28T07:20:43Z,2026-09-28T08:20:43Z,61,America/Chicago,2026-10-01,2026-10-01T20:00:00Z,2026-10-01T21:00:00Z,3 PM,4 PM,10.5,20,mph,WNW
hourly,2026-09-28T07:20:43Z,2026-09-28T08:20:43Z,61,America/Chicago,2026-10-02,2026-10-02T20:00:00Z,2026-10-02T21:00:00Z,3 PM,4 PM,10.7,12,mph,W
hourly,2026-09-28T07:20:43Z,2026-09-28T08:20:43Z,61,America/Chicago,2026-10-03,2026-10-03T20:00:00Z,2026-10-03T21:00:00Z,3 PM,4 PM,8,15,mph,S
hourly,2026-09-28T07:20:44Z,2026-09-28T08:20:44Z,66,America/Chicago,2026-09-28,2026-09-28T20:00:00Z,2026-09-28T21:00:00Z,3 PM,4 PM,2.4,6,mph,E
hourly,2026-09-28T07:20:44Z,2026-09-28T08:20:44Z,66,America/Chicago,2026-09-29,2026-09-29T22:00:00Z,2026-09-29T23:00:00Z,5 PM,6 PM,14.2,16,mph,SW
hourly,2026-09-28T07:20:44Z,2026-09-28T08:20:44Z,66,America/Chicago,2026-09-30,2026-09-30T19:00:00Z,2026-09-30T20:00:00Z,2 PM,3 PM,11.9,17,mph,NW
hourly,2026-09-28T07:20:44Z,2026-09-28T08:20:44Z,66,America/Chicago,2026-10-01,2026-10-01T20:00:00Z,2026-10-01T21:00:00Z,3 PM,4 PM,12.9,13,mph,W
hourly,2026-09-28T07:20:44Z,2026-09-28T08:20:44Z,66,America/Chicago,2026-10-02,2026-10-02T20:00:00Z,2026-10-02T21:00:00Z,3 PM,4 PM,12.4,14,mph,S
hourly,2026-09-28T07:20:44Z,2026-09-28T08:20:44Z,66,America/Chicago,2026-10-03,2026-10-03T20:00:00Z,2026-10-03T21:00:00Z,3 PM,4 PM,9.3,13,mph,NW
hourly,2026-09-28T07:20:44Z,2026-09-28T08:20:44Z,181,America/Chicago,2026-09-28,2026-09-28T19:00:00Z,2026-09-28T20:00:00Z,2 PM,3 PM,3.3,17,mph,SSE
hourly,2026-09-28T07:20:44Z,2026-09-28T08:20:44Z,181,America/Chicago,2026-09-29,2026-09-29T22:00:00Z,2026-09-29T23:00:00Z,5 PM,6 PM,2,7,mph,SSE
hourly,2026-09-28T07:20:44Z,2026-09-28T08:20:44Z,181,America/Chicago,2026-09-30,2026-09-30T21:00:00Z,2026-09-30T22:00:00Z,4 PM,5 PM,8.1,8,mph,WSW
hourly,2026-09-28T07:20:44Z,2026-09-28T08:20:44Z,181,America/Chicago,2026-10-01,2026-10-01T20:00:00Z,2026-10-01T21:00:00Z,3 PM,4 PM,11.1,16,mph,NW
hourly,2026-09-28T07:20:44Z,2026-09-28T08:20:44Z,181,America/Chicago,2026-10-02,2026-10-02T20:00:00Z,2026-10-02T21:00:00Z,3 PM,4 PM,10.1,9,mph,WSW
hourly,2026-09-28T07:20:44Z,2026-09-28T08:20:44Z,181,America/Chicago,2026-10-03,2026-10-03T20:00:00Z,2026-10-03T21:00:00Z,3 PM,4 PM,7.4,16,mph,S
hourly,2026-09-28T07:20:45Z,2026-09-28T08:20:45Z,74,America/Chicago,2026-09-28,2026-09-28T11:00:00Z,2026-09-28T12:00:00Z,6 AM,7 AM,3.2,10,mph,E
hourly,2026-09-28T07:20:45Z,2026-09-28T08:20:45Z,74,America/Chicago,2026-09-29,2026-09-29T22:00:00Z,2026-09-29T23:00:00Z,5 PM,6 PM,9.2,9,mph,SW
hourly,2026-09-28T07:20:45Z,2026-09-28T08:20:45Z,74,America/Chicago,2026-09-30,2026-09-30T21:00:00Z,2026-09-30T22:00:00Z,4 PM,5 PM,12,17,mph,NW
hourly,2026-09-28T07:20:45Z,2026-09-28T08:20:45Z,74,America/Chicago,2026-10-01,2026-10-01T20:00:00Z,2026-10-01T21:00:00Z,3 PM,4 PM,11.9,16,mph,W
hourly,2026-09-28T07:20:45Z,2026-09-28T08:20:45Z,74,America/Chicago,2026-10-02,2026-10-02T20:00:00Z,2026-10-02T21:00:00Z,3 PM,4 PM,11.3,12,mph,S
hourly,2026-09-28T07:20:45Z,2026-09-28T08:20:45Z,74,America/Chicago,2026-10-03,2026-10-03T20:00:00Z,2026-10-03T21:00:00Z,3 PM,4 PM,8.1,13,mph,SW
hourly,2026-09-28T07:20:45Z,2026-09-28T08:20:45Z,213,America/Chicago,2026-09-28,2026-09-28T11:00:00Z,2026-09-28T12:00:00Z,6 AM,7 AM,2.2,10,mph,E
hourly,2026-09-28T07:20:45Z,2026-09-28T08:20:45Z,213,America/Chicago,2026-09-29,2026-09-29T22:00:00Z,2026-09-29T23:00:00Z,5 PM,6 PM,12,13,mph,SW
hourly,2026-09-28T07:20:45Z,2026-09-28T08:20:45Z,213,America/Chicago,2026-09-30,2026-09-30T21:00:00Z,2026-09-30T22:00:00Z,4 PM,5 PM,13,17,mph,NW
hourly,2026-09-28T07:20:45Z,2026-09-28T08:20:45Z,213,America/Chicago,2026-10-01,2026-10-01T20:00:00Z,2026-10-01T21:00:00Z,3 PM,4 PM,14.1,14,mph,W
hourly,2026-09-28T07:20:45Z,2026-09-28T08:20:45Z,213,America/Chicago,2026-10-02,2026-10-02T20:00:00Z,2026-10-02T21:00:00Z,3 PM,4 PM,13,14,mph,S
hourly,2026-09-28T07:20:45Z,2026-09-28T08:20:45Z,213,America/Chicago,2026-10-03,2026-10-03T22:00:00Z,2026-10-03T23:00:00Z,5 PM,6 PM,10.3,12,mph,NW
hourly,2026-09-28T07:20:46Z,2026-09-28T08:20:46Z,60,America/Chicago,2026-09-28,2026-09-28T19:00:00Z,2026-09-28T20:00:00Z,2 PM,3 PM,3.3,16,mph,S
hourly,2026-09-28T07:20:46Z,2026-09-28T08:20:46Z,60,America/Chicago,2026-09-29,2026-09-29T22:00:00Z,2026-09-29T23:00:00Z,5 PM,6 PM,3.3,6,mph,S
hourly,2026-09-28T07:20:46Z,2026-09-28T08:20:46Z,60,America/Chicago,2026-09-30,2026-09-30T21:00:00Z,2026-09-30T22:00:00Z,4 PM,5 PM,10,7,mph,WSW
hourly,2026-09-28T07:20:46Z,2026-09-28T08:20:46Z,60,America/Chicago,2026-10-01,2026-10-01T20:00:00Z,2026-10-01T21:00:00Z,3 PM,4 PM,12.6,15,mph,NW
hourly,2026-09-28T07:20:46Z,2026-09-28T08:20:46Z,60,America/Chicago,2026-10-02,2026-10-02T20:00:00Z,2026-10-02T21:00:00Z,3 PM,4 PM,11.9,8,mph,WSW
hourly,2026-09-28T07:20:46Z,2026-09-28T08:20:46Z,60,America/Chicago,2026-10-03,2026-10-03T20:00:00Z,2026-10-03T21:00:00Z,3 PM,4 PM,8.5,16,mph,S
hourly,2026-09-28T07:20:47Z,2026-09-28T08:20:47Z,199,America/North_Dakota/Center,2026-09-28,2026-09-28T11:00:00Z,2026-09-28T12:00:00Z,6 AM,7 AM,2.8,9,mph,E
hourly,2026-09-28T07:20:47Z,2026-09-28T08:20:47Z,199,America/North_Dakota/Center,2026-09-29,2026-09-29T21:00:00Z,2026-09-29T22:00:00Z,4 PM,5 PM,9.9,7,mph,W
hourly,2026-09-28T07:20:47Z,2026-09-28T08:20:47Z,199,America/North_Dakota/Center,2026-09-30,2026-09-30T21:00:00Z,2026-09-30T22:00:00Z,4 PM,5 PM,12.6,15,mph,NW
hourly,2026-09-28T07:20:47Z,2026-09-28T08:20:47Z,199,America/North_Dakota/Center,2026-10-01,2026-10-01T20:00:00Z,2026-10-01T21:00:00Z,3 PM,4 PM,13.5,10,mph,NW
hourly,2026-09-28T07:20:47Z,2026-09-28T08:20:47Z,199,America/North_Dakota/Center,2026-10-02,2026-10-02T20:00:00Z,2026-10-02T21:00:00Z,3 PM,4 PM,12.2,13,mph,S
hourly,2026-09-28T07:20:47Z,2026-09-28T08:20:47Z,199,America/North_Dakota/Center,2026-10-03,2026-10-03T21:00:00Z,2026-10-03T22:00:00Z,4 PM,5 PM,10.1,10,mph,W
hourly,2026-09-28T07:20:47Z,2026-09-28T08:20:47Z,125,America/Chicago,2026-09-28,2026-09-28T11:00:00Z,2026-09-28T12:00:00Z,6 AM,7 AM,2.2,9,mph,E
hourly,2026-09-28T07:20:47Z,2026-09-28T08:20:47Z,125,America/Chicago,2026-09-29,2026-09-29T22:00:00Z,2026-09-29T23:00:00Z,5 PM,6 PM,10.9,12,mph,SW
hourly,2026-09-28T07:20:47Z,2026-09-28T08:20:47Z,125,America/Chicago,2026-09-30,2026-09-30T21:00:00Z,2026-09-30T22:00:00Z,4 PM,5 PM,12,18,mph,NW
hourly,2026-09-28T07:20:47Z,2026-09-28T08:20:47Z,125,America/Chicago,2026-10-01,2026-10-01T20:00:00Z,2026-10-01T21:00:00Z,3 PM,4 PM,13.8,13,mph,NW
hourly,2026-09-28T07:20:47Z,2026-09-28T08:20:47Z,125,America/Chicago,2026-10-02,2026-10-02T20:00:00Z,2026-10-02T21:00:00Z,3 PM,4 PM,12.5,14,mph,S
hourly,2026-09-28T07:20:47Z,2026-09-28T08:20:47Z,125,America/Chicago,2026-10-03,2026-10-03T21:00:00Z,2026-10-03T22:00:00Z,4 PM,5 PM,9.4,12,mph,NW
hourly,2026-09-28T07:20:48Z,2026-09-28T08:20:48Z,52,America/Chicago,2026-09-28,2026-09-28T20:00:00Z,2026-09-28T21:00:00Z,3 PM,4 PM,4.3,6,mph,E
hourly,2026-09-28T07:20:48Z,2026-09-28T08:20:48Z,52,America/Chicago,2026-09-29,2026-09-29T22:00:00Z,2026-09-29T23:00:00Z,5 PM,6 PM,17.5,17,mph,SW
hourly,2026-09-28T07:20:48Z,2026-09-28T08:20:48Z,52,America/Chicago,2026-09-30,2026-09-30T21:00:00Z,2026-09-30T22:00:00Z,4 PM,5 PM,12.5,18,mph,NW
hourly,2026-09-28T07:20:48Z,2026-09-28T08:20:48Z,52,America/Chicago,2026-10-01,2026-10-01T20:00:00Z,2026-10-01T21:00:00Z,3 PM,4 PM,14.6,13,mph,W
hourly,2026-09-28T07:20:48Z,2026-09-28T08:20:48Z,52,America/Chicago,2026-10-02,2026-10-02T20:00:00Z,2026-10-02T21:00:00Z,3 PM,4 PM,14,14,mph,S
hourly,2026-09-28T07:20:48Z,2026-09-28T08:20:48Z,52,America/Chicago,2026-10-03,2026-10-03T22:00:00Z,2026-10-03T23:00:00Z,5 PM,6 PM,11,13,mph,NW
hourly,2026-09-28T07:20:48Z,2026-09-28T08:20:48Z,176,America/Denver,2026-09-28,2026-09-28T21:00:00Z,2026-09-28T22:00:00Z,3 PM,4 PM,5.1,6,mph,N
hourly,2026-09-28T07:20:48Z,2026-09-28T08:20:48Z,176,America/Denver,2026-09-29,2026-09-29T21:00:00Z,2026-09-29T22:00:00Z,3 PM,4 PM,19.5,16,mph,W
hourly,2026-09-28T07:20:48Z,2026-09-28T08:20:48Z,176,America/Denver,2026-09-30,2026-09-30T20:00:00Z,2026-09-30T21:00:00Z,2 PM,3 PM,14.9,20,mph,NW
hourly,2026-09-28T07:20:48Z,2026-09-28T08:20:48Z,176,America/Denver,2026-10-01,2026-10-01T20:00:00Z,2026-10-01T21:00:00Z,2 PM,3 PM,15.8,10,mph,W
hourly,2026-09-28T07:20:48Z,2026-09-28T08:20:48Z,176,America/Denver,2026-10-02,2026-10-02T20:00:00Z,2026-10-02T21:00:00Z,2 PM,3 PM,16.3,14,mph,S
hourly,2026-09-28T07:20:48Z,2026-09-28T08:20:48Z,176,America/Denver,2026-10-03,2026-10-03T21:00:00Z,2026-10-03T22:00:00Z,3 PM,4 PM,13.4,13,mph,NW
hourly,2026-09-28T07:20:49Z,2026-09-28T08:20:49Z,177,America/Chicago,2026-09-28,2026-09-28T11:00:00Z,2026-09-28T12:00:00Z,6 AM,7 AM,2.2,10,mph,E
hourly,2026-09-28T07:20:49Z,2026-09-28T08:20:49Z,177,America/Chicago,2026-09-29,2026-09-29T22:00:00Z,2026-09-29T23:00:00Z,5 PM,6 PM,13.5,15,mph,SW
hourly,2026-09-28T07:20:49Z,2026-09-28T08:20:49Z,177,America/Chicago,2026-09-30,2026-09-30T21:00:00Z,2026-09-30T22:00:00Z,4 PM,5 PM,12.3,18,mph,NW
hourly,2026-09-28T07:20:49Z,2026-09-28T08:20:49Z,177,America/Chicago,2026-10-01,2026-10-01T20:00:00Z,2026-10-01T21:00:00Z,3 PM,4 PM,13.1,13,mph,W
hourly,2026-09-28T07:20:49Z,2026-09-28T08:20:49Z,177,America/Chicago,2026-10-02,2026-10-02T20:00:00Z,2026-10-02T21:00:00Z,3 PM,4 PM,13.1,13,mph,S
hourly,2026-09-28T07:20:49Z,2026-09-28T08:20:49Z,177,America/Chicago,2026-10-03,2026-10-03T20:00:00Z,2026-10-03T21:00:00Z,3 PM,4 PM,9.5,13,mph,NW
hourly,2026-09-28T07:20:50Z,2026-09-28T08:20:50Z,254,America/Denver,2026-09-28,2026-09-28T12:00:00Z,2026-09-28T13:00:00Z,6 AM,7 AM,1.8,9,mph,SE
hourly,2026-09-28T07:20:50Z,2026-09-28T08:20:50Z,254,America/Denver,2026-09-29,2026-09-29T22:00:00Z,2026-09-29T23:00:00Z,4 PM,5 PM,9.4,5,mph,NW
hourly,2026-09-28T07:20:50Z,2026-09-28T08:20:50Z,254,America/Denver,2026-09-30,2026-09-30T20:00:00Z,2026-09-30T21:00:00Z,2 PM,3 PM,12.5,16,mph,NW
hourly,2026-09-28T07:20:50Z,2026-09-28T08:20:50Z,254,America/Denver,2026-10-01,2026-10-01T21:00:00Z,2026-10-01T22:00:00Z,3 PM,4 PM,13.1,9,mph,NW
hourly,2026-09-28T07:20:50Z,2026-09-28T08:20:50Z,254,America/Denver,2026-10-02,2026-10-02T21:00:00Z,2026-10-02T22:00:00Z,3 PM,4 PM,11.5,15,mph,S
hourly,2026-09-28T07:20:50Z,2026-09-28T08:20:50Z,254,America/Denver,2026-10-03,2026-10-03T21:00:00Z,2026-10-03T22:00:00Z,3 PM,4 PM,9.2,9,mph,W
hourly,2026-09-28T07:20:50Z,2026-09-28T08:20:50Z,8,America/Denver,2026-09-28,2026-09-28T22:00:00Z,2026-09-28T23:00:00Z,4 PM,5 PM,7.3,5,mph,NE
hourly,2026-09-28T07:20:50Z,2026-09-28T08:20:50Z,8,America/Denver,2026-09-29,2026-09-29T22:00:00Z,2026-09-29T23:00:00Z,4 PM,5 PM,20,15,mph,WSW
hourly,2026-09-28T07:20:50Z,2026-09-28T08:20:50Z,8,America/Denver,2026-09-30,2026-09-30T21:00:00Z,2026-09-30T22:00:00Z,3 PM,4 PM,14.2,16,mph,NW
hourly,2026-09-28T07:20:50Z,2026-09-28T08:20:50Z,8,America/Denver,2026-10-01,2026-10-01T21:00:00Z,2026-10-01T22:00:00Z,3 PM,4 PM,15.9,9,mph,WNW
hourly,2026-09-28T07:20:50Z,2026-09-28T08:20:50Z,8,America/Denver,2026-10-02,2026-10-02T21:00:00Z,2026-10-02T22:00:00Z,3 PM,4 PM,15.2,10,mph,SSE
hourly,2026-09-28T07:20:50Z,2026-09-28T08:20:50Z,8,America/Denver,2026-10-03,2026-10-03T21:00:00Z,2026-10-03T22:00:00Z,3 PM,4 PM,12.2,10,mph,NW
hourly,2026-09-28T07:20:51Z,2026-09-28T08:20:51Z,180,America/Chicago,2026-09-28,2026-09-28T11:00:00Z,2026-09-28T12:00:00Z,6 AM,7 AM,3.2,10,mph,E
hourly,2026-09-28T07:20:51Z,2026-09-28T08:20:51Z,180,America/Chicago,2026-09-29,2026-09-29T21:00:00Z,2026-09-29T22:00:00Z,4 PM,5 PM,9.8,10,mph,SW
hourly,2026-09-28T07:20:51Z,2026-09-28T08:20:51Z,180,America/Chicago,2026-09-30,2026-09-30T21:00:00Z,2026-09-30T22:00:00Z,4 PM,5 PM,12.2,18,mph,NW
hourly,2026-09-28T07:20:51Z,2026-09-28T08:20:51Z,180,America/Chicago,2026-10-01,2026-10-01T20:00:00Z,2026-10-01T21:00:00Z,3 PM,4 PM,13.5,14,mph,NW
hourly,2026-09-28T07:20:51Z,2026-09-28T08:20:51Z,180,America/Chicago,2026-10-02,2026-10-02T20:00:00Z,2026-10-02T21:00:00Z,3 PM,4 PM,12.5,15,mph,S
hourly,2026-09-28T07:20:51Z,2026-09-28T08:20:51Z,180,America/Chicago,2026-10-03,2026-10-03T21:00:00Z,2026-10-03T22:00:00Z,4 PM,5 PM,10,13,mph,W
hourly,2026-09-28T07:20:52Z,2026-09-28T08:20:52Z,204,America/Chicago,2026-09-28,2026-09-28T21:00:00Z,2026-09-28T22:00:00Z,4 PM,5 PM,5.3,16,mph,SSE
hourly,2026-09-28T07:20:52Z,2026-09-28T08:20:52Z,204,America/Chicago,2026-09-29,2026-09-29T22:00:00Z,2026-09-29T23:00:00Z,5 PM,6 PM,4.1,6,mph,SE
hourly,2026-09-28T07:20:52Z,2026-09-28T08:20:52Z,204,America/Chicago,2026-09-30,2026-09-30T21:00:00Z,2026-09-30T22:00:00Z,4 PM,5 PM,10.7,7,mph,WSW
hourly,2026-09-28T07:20:52Z,2026-09-28T08:20:52Z,204,America/Chicago,2026-10-01,2026-10-01T20:00:00Z,2026-10-01T21:00:00Z,3 PM,4 PM,14.3,15,mph,NW
hourly,2026-09-28T07:20:52Z,2026-09-28T08:20:52Z,204,America/Chicago,2026-10-02,2026-10-02T19:00:00Z,2026-10-02T20:00:00Z,2 PM,3 PM,13.8,10,mph,WSW
hourly,2026-09-28T07:20:52Z,2026-09-28T08:20:52Z,204,America/Chicago,2026-10-03,2026-10-03T20:00:00Z,2026-10-03T21:00:00Z,3 PM,4 PM,10.5,16,mph,S
hourly,2026-09-28T07:20:53Z,2026-09-28T08:20:53Z,255,America/Chicago,2026-09-28,2026-09-28T11:00:00Z,2026-09-28T12:00:00Z,6 AM,7 AM,2.4,12,mph,SE
hourly,2026-09-28T07:20:53Z,2026-09-28T08:20:53Z,255,America/Chicago,2026-09-29,2026-09-29T21:00:00Z,2026-09-29T22:00:00Z,4 PM,5 PM,7.7,6,mph,NW
hourly,2026-09-28T07:20:53Z,2026-09-28T08:20:53Z,255,America/Chicago,2026-09-30,2026-09-30T20:00:00Z,2026-09-30T21:00:00Z,3 PM,4 PM,11.1,16,mph,NW
hourly,2026-09-28T07:20:53Z,2026-09-28T08:20:53Z,255,America/Chicago,2026-10-01,2026-10-01T21:00:00Z,2026-10-01T22:00:00Z,4 PM,5 PM,12,9,mph,NW
hourly,2026-09-28T07:20:53Z,2026-09-28T08:20:53Z,255,America/Chicago,2026-10-02,2026-10-02T20:00:00Z,2026-10-02T21:00:00Z,3 PM,4 PM,10.2,16,mph,S
hourly,2026-09-28T07:20:53Z,2026-09-28T08:20:53Z,255,America/Chicago,2026-10-03,2026-10-03T20:00:00Z,2026-10-03T21:00:00Z,3 PM,4 PM,7.5,12,mph,W
hourly,2026-09-28T07:20:53Z,2026-09-28T08:20:53Z,253,America/Denver,2026-09-28,2026-09-28T20:00:00Z,2026-09-28T21:00:00Z,2 PM,3 PM,2.7,13,mph,S
hourly,2026-09-28T07:20:53Z,2026-09-28T08:20:53Z,253,America/Denver,2026-09-29,2026-09-29T21:00:00Z,2026-09-29T22:00:00Z,3 PM,4 PM,10,7,mph,NW
hourly,2026-09-28T07:20:53Z,2026-09-28T08:20:53Z,253,America/Denver,2026-09-30,2026-09-30T20:00:00Z,2026-09-30T21:00:00Z,2 PM,3 PM,13,18,mph,NW
hourly,2026-09-28T07:20:53Z,2026-09-28T08:20:53Z,253,America/Denver,2026-10-01,2026-10-01T20:00:00Z,2026-10-01T21:00:00Z,2 PM,3 PM,13.8,10,mph,NW
hourly,2026-09-28T07:20:53Z,2026-09-28T08:20:53Z,253,America/Denver,2026-10-02,2026-10-02T20:00:00Z,2026-10-02T21:00:00Z,2 PM,3 PM,11.4,18,mph,S
hourly,2026-09-28T07:20:53Z,2026-09-28T08:20:53Z,253,America/Denver,2026-10-03,2026-10-03T20:00:00Z,2026-10-03T21:00:00Z,2 PM,3 PM,9.9,13,mph,W
hourly,2026-09-28T07:20:54Z,2026-09-28T08:20:54Z,47,America/Chicago,2026-09-28,2026-09-28T11:00:00Z,2026-09-28T12:00:00Z,6 AM,7 AM,1.6,2,mph,ENE
hourly,2026-09-28T07:20:54Z,2026-09-28T08:20:54Z,47,America/Chicago,2026-09-29,2026-09-29T22:00:00Z,2026-09-29T23:00:00Z,5 PM,6 PM,6.5,7,mph,SSW
hourly,2026-09-28T07:20:54Z,2026-09-28T08:20:54Z,47,America/Chicago,2026-09-30,2026-09-30T20:00:00Z,2026-09-30T21:00:00Z,3 PM,4 PM,12.6,14,mph,WNW
hourly,2026-09-28T07:20:54Z,2026-09-28T08:20:54Z,47,America/Chicago,2026-10-01,2026-10-01T20:00:00Z,2026-10-01T21:00:00Z,3 PM,4 PM,12.9,20,mph,WNW
hourly,2026-09-28T07:20:54Z,2026-09-28T08:20:54Z,47,America/Chicago,2026-10-02,2026-10-02T20:00:00Z,2026-10-02T21:00:00Z,3 PM,4 PM,12.1,12,mph,WSW
hourly,2026-09-28T07:20:54Z,2026-09-28T08:20:54Z,47,America/Chicago,2026-10-03,2026-10-03T20:00:00Z,2026-10-03T21:00:00Z,3 PM,4 PM,9.2,16,mph,S
hourly,2026-09-28T07:20:55Z,2026-09-28T08:20:55Z,221,America/Chicago,2026-09-28,2026-09-28T20:00:00Z,2026-09-28T21:00:00Z,3 PM,4 PM,2.4,6,mph,SE
hourly,2026-09-28T07:20:55Z,2026-09-28T08:20:55Z,221,America/Chicago,2026-09-29,2026-09-29T22:00:00Z,2026-09-29T23:00:00Z,5 PM,6 PM,15,16,mph,SW
hourly,2026-09-28T07:20:55Z,2026-09-28T08:20:55Z,221,America/Chicago,2026-09-30,2026-09-30T20:00:00Z,2026-09-30T21:00:00Z,3 PM,4 PM,12.2,18,mph,NW
hourly,2026-09-28T07:20:55Z,2026-09-28T08:20:55Z,221,America/Chicago,2026-10-01,2026-10-01T19:00:00Z,2026-10-01T20:00:00Z,2 PM,3 PM,12.9,13,mph,W
hourly,2026-09-28T07:20:55Z,2026-09-28T08:20:55Z,221,America/Chicago,2026-10-02,2026-10-02T20:00:00Z,2026-10-02T21:00:00Z,3 PM,4 PM,12.4,14,mph,S
hourly,2026-09-28T07:20:55Z,2026-09-28T08:20:55Z,221,America/Chicago,2026-10-03,2026-10-03T20:00:00Z,2026-10-03T21:00:00Z,3 PM,4 PM,9.9,13,mph,NW
hourly,2026-09-28T07:20:56Z,2026-09-28T08:20:56Z,122,America/Chicago,2026-09-28,2026-09-28T20:00:00Z,2026-09-28T21:00:00Z,3 PM,4 PM,4.6,12,mph,SSE
hourly,2026-09-28T07:20:56Z,2026-09-28T08:20:56Z,122,America/Chicago,2026-09-29,2026-09-29T20:00:00Z,2026-09-29T21:00:00Z,3 PM,4 PM,1.4,10,mph,S
hourly,2026-09-28T07:20:56Z,2026-09-28T08:20:56Z,122,America/Chicago,2026-09-30,2026-09-30T21:00:00Z,2026-09-30T22:00:00Z,4 PM,5 PM,7.7,7,mph,WSW
hourly,2026-09-28T07:20:56Z,2026-09-28T08:20:56Z,122,America/Chicago,2026-10-01,2026-10-01T20:00:00Z,2026-10-01T21:00:00Z,3 PM,4 PM,10.9,15,mph,NW
hourly,2026-09-28T07:20:56Z,2026-09-28T08:20:56Z,122,America/Chicago,2026-10-02,2026-10-02T19:00:00Z,2026-10-02T20:00:00Z,2 PM,3 PM,10.5,9,mph,W
hourly,2026-09-28T07:20:56Z,2026-09-28T08:20:56Z,122,America/Chicago,2026-10-03,2026-10-03T20:00:00Z,2026-10-03T21:00:00Z,3 PM,4 PM,7.7,14,mph,S
hourly,2026-09-28T07:20:57Z,2026-09-28T08:20:57Z,108,America/Chicago,2026-09-28,2026-09-28T11:00:00Z,2026-09-28T12:00:00Z,6 AM,7 AM,2.9,14,mph,SE
hourly,2026-09-28T07:20:57Z,2026-09-28T08:20:57Z,108,America/Chicago,2026-09-29,2026-09-29T22:00:00Z,2026-09-29T23:00:00Z,5 PM,6 PM,6.8,8,mph,W
hourly,2026-09-28T07:20:57Z,2026-09-28T08:20:57Z,108,America/Chicago,2026-09-30,2026-09-30T21:00:00Z,2026-09-30T22:00:00Z,4 PM,5 PM,12.1,18,mph,NW
hourly,2026-09-28T07:20:57Z,2026-09-28T08:20:57Z,108,America/Chicago,2026-10-01,2026-10-01T20:00:00Z,2026-10-01T21:00:00Z,3 PM,4 PM,12.8,16,mph,NW
hourly,2026-09-28T07:20:57Z,2026-09-28T08:20:57Z,108,America/Chicago,2026-10-02,2026-10-02T19:00:00Z,2026-10-02T20:00:00Z,2 PM,3 PM,11.8,18,mph,S
hourly,2026-09-28T07:20:57Z,2026-09-28T08:20:57Z,108,America/Chicago,2026-10-03,2026-10-03T20:00:00Z,2026-10-03T21:00:00Z,3 PM,4 PM,9.4,16,mph,SW
hourly,2026-09-28T07:20:57Z,2026-09-28T08:20:57Z,5,America/Chicago,2026-09-28,2026-09-28T11:00:00Z,2026-09-28T12:00:00Z,6 AM,7 AM,2.1,6,mph,ESE
hourly,2026-09-28T07:20:57Z,2026-09-28T08:20:57Z,5,America/Chicago,2026-09-29,2026-09-29T22:00:00Z,2026-09-29T23:00:00Z,5 PM,6 PM,5,7,mph,SW
hourly,2026-09-28T07:20:57Z,2026-09-28T08:20:57Z,5,America/Chicago,2026-09-30,2026-09-30T21:00:00Z,2026-09-30T22:00:00Z,4 PM,5 PM,12.3,14,mph,W
hourly,2026-09-28T07:20:57Z,2026-09-28T08:20:57Z,5,America/Chicago,2026-10-01,2026-10-01T21:00:00Z,2026-10-01T22:00:00Z,4 PM,5 PM,12.2,20,mph,WNW
hourly,2026-09-28T07:20:57Z,2026-09-28T08:20:57Z,5,America/Chicago,2026-10-02,2026-10-02T20:00:00Z,2026-10-02T21:00:00Z,3 PM,4 PM,11.7,12,mph,WSW
hourly,2026-09-28T07:20:57Z,2026-09-28T08:20:57Z,5,America/Chicago,2026-10-03,2026-10-03T20:00:00Z,2026-10-03T21:00:00Z,3 PM,4 PM,8.2,18,mph,S
hourly,2026-09-28T07:20:58Z,2026-09-28T08:20:58Z,152,America/Chicago,2026-09-28,2026-09-28T19:00:00Z,2026-09-28T20:00:00Z,2 PM,3 PM,2.7,16,mph,S
hourly,2026-09-28T07:20:58Z,2026-09-28T08:20:58Z,152,America/Chicago,2026-09-29,2026-09-29T22:00:00Z,2026-09-29T23:00:00Z,5 PM,6 PM,4,6,mph,E
hourly,2026-09-28T07:20:58Z,2026-09-28T08:20:58Z,152,America/Chicago,2026-09-30,2026-09-30T21:00:00Z,2026-09-30T22:00:00Z,4 PM,5 PM,10.6,9,mph,W
hourly,2026-09-28T07:20:58Z,2026-09-28T08:20:58Z,152,America/Chicago,2026-10-01,2026-10-01T20:00:00Z,2026-10-01T21:00:00Z,3 PM,4 PM,12.5,15,mph,NW
hourly,2026-09-28T07:20:58Z,2026-09-28T08:20:58Z,152,America/Chicago,2026-10-02,2026-10-02T20:00:00Z,2026-10-02T21:00:00Z,3 PM,4 PM,11.9,12,mph,SSW
hourly,2026-09-28T07:20:58Z,2026-09-28T08:20:58Z,152,America/Chicago,2026-10-03,2026-10-03T20:00:00Z,2026-10-03T21:00:00Z,3 PM,4 PM,8.5,16,mph,SSW
hourly,2026-09-28T07:20:59Z,2026-09-28T08:20:59Z,257,America/Chicago,2026-09-28,2026-09-28T12:00:00Z,2026-09-28T13:00:00Z,7 AM,8 AM,2.4,13,mph,SE
hourly,2026-09-28T07:20:59Z,2026-09-28T08:20:59Z,257,America/Chicago,2026-09-29,2026-09-29T22:00:00Z,2026-09-29T23:00:00Z,5 PM,6 PM,8.1,3,mph,NW
hourly,2026-09-28T07:20:59Z,2026-09-28T08:20:59Z,257,America/Chicago,2026-09-30,2026-09-30T20:00:00Z,2026-09-30T21:00:00Z,3 PM,4 PM,12.3,14,mph,NW
hourly,2026-09-28T07:20:59Z,2026-09-28T08:20:59Z,257,America/Chicago,2026-10-01,2026-10-01T20:00:00Z,2026-10-01T21:00:00Z,3 PM,4 PM,12.9,10,mph,NW
hourly,2026-09-28T07:20:59Z,2026-09-28T08:20:59Z,257,America/Chicago,2026-10-02,2026-10-02T20:00:00Z,2026-10-02T21:00:00Z,3 PM,4 PM,11.6,16,mph,S
hourly,2026-09-28T07:20:59Z,2026-09-28T08:20:59Z,257,America/Chicago,2026-10-03,2026-10-03T21:00:00Z,2026-10-03T22:00:00Z,4 PM,5 PM,10,12,mph,SW
hourly,2026-09-28T07:20:59Z,2026-09-28T08:20:59Z,48,America/Chicago,2026-09-28,2026-09-28T11:00:00Z,2026-09-28T12:00:00Z,6 AM,7 AM,3.9,14,mph,SE
hourly,2026-09-28T07:20:59Z,2026-09-28T08:20:59Z,48,America/Chicago,2026-09-29,2026-09-29T22:00:00Z,2026-09-29T23:00:00Z,5 PM,6 PM,5.6,7,mph,W
hourly,2026-09-28T07:20:59Z,2026-09-28T08:20:59Z,48,America/Chicago,2026-09-30,2026-09-30T20:00:00Z,2026-09-30T21:00:00Z,3 PM,4 PM,10.6,17,mph,NW
hourly,2026-09-28T07:20:59Z,2026-09-28T08:20:59Z,48,America/Chicago,2026-10-01,2026-10-01T20:00:00Z,2026-10-01T21:00:00Z,3 PM,4 PM,11.5,16,mph,NW
hourly,2026-09-28T07:20:59Z,2026-09-28T08:20:59Z,48,America/Chicago,2026-10-02,2026-10-02T20:00:00Z,2026-10-02T21:00:00Z,3 PM,4 PM,11.2,18,mph,S
hourly,2026-09-28T07:20:59Z,2026-09-28T08:20:59Z,48,America/Chicago,2026-10-03,2026-10-03T19:00:00Z,2026-10-03T20:00:00Z,2 PM,3 PM,8.2,18,mph,S
hourly,2026-09-28T07:21:00Z,2026-09-28T08:21:00Z,151,America/Denver,2026-09-28,2026-09-28T21:00:00Z,2026-09-28T22:00:00Z,3 PM,4 PM,5.3,6,mph,SW
hourly,2026-09-28T07:21:00Z,2026-09-28T08:21:00Z,151,America/Denver,2026-09-29,2026-09-29T22:00:00Z,2026-09-29T23:00:00Z,4 PM,5 PM,18.5,14,mph,W
hourly,2026-09-28T07:21:00Z,2026-09-28T08:21:00Z,151,America/Denver,2026-09-30,2026-09-30T20:00:00Z,2026-09-30T21:00:00Z,2 PM,3 PM,14.6,20,mph,NW
hourly,2026-09-28T07:21:00Z,2026-09-28T08:21:00Z,151,America/Denver,2026-10-01,2026-10-01T20:00:00Z,2026-10-01T21:00:00Z,2 PM,3 PM,15.2,12,mph,NW
hourly,2026-09-28T07:21:00Z,2026-09-28T08:21:00Z,151,America/Denver,2026-10-02,2026-10-02T20:00:00Z,2026-10-02T21:00:00Z,2 PM,3 PM,16.2,15,mph,S
hourly,2026-09-28T07:21:00Z,2026-09-28T08:21:00Z,151,America/Denver,2026-10-03,2026-10-03T22:00:00Z,2026-10-03T23:00:00Z,4 PM,5 PM,13.2,13,mph,NW
hourly,2026-09-28T07:21:01Z,2026-09-28T08:21:01Z,147,America/Denver,2026-09-28,2026-09-28T21:00:00Z,2026-09-28T22:00:00Z,3 PM,4 PM,7.2,9,mph,W
hourly,2026-09-28T07:21:01Z,2026-09-28T08:21:01Z,147,America/Denver,2026-09-29,2026-09-29T22:00:00Z,2026-09-29T23:00:00Z,4 PM,5 PM,19.9,14,mph,W
hourly,2026-09-28T07:21:01Z,2026-09-28T08:21:01Z,147,America/Denver,2026-09-30,2026-09-30T20:00:00Z,2026-09-30T21:00:00Z,2 PM,3 PM,16,22,mph,NW
hourly,2026-09-28T07:21:01Z,2026-09-28T08:21:01Z,147,America/Denver,2026-10-01,2026-10-01T21:00:00Z,2026-10-01T22:00:00Z,3 PM,4 PM,15.6,14,mph,W
hourly,2026-09-28T07:21:01Z,2026-09-28T08:21:01Z,147,America/Denver,2026-10-02,2026-10-02T20:00:00Z,2026-10-02T21:00:00Z,2 PM,3 PM,17.4,16,mph,S
hourly,2026-09-28T07:21:01Z,2026-09-28T08:21:01Z,147,America/Denver,2026-10-03,2026-10-03T20:00:00Z,2026-10-03T21:00:00Z,2 PM,3 PM,14.4,17,mph,NW
hourly,2026-09-28T07:21:02Z,2026-09-28T08:21:02Z,68,America/Chicago,2026-09-28,2026-09-28T11:00:00Z,2026-09-28T12:00:00Z,6 AM,7 AM,3.9,15,mph,SE
hourly,2026-09-28T07:21:02Z,2026-09-28T08:21:02Z,68,America/Chicago,2026-09-29,2026-09-29T20:00:00Z,2026-09-29T21:00:00Z,3 PM,4 PM,5.6,9,mph,NW
hourly,2026-09-28T07:21:02Z,2026-09-28T08:21:02Z,68,America/Chicago,2026-09-30,2026-09-30T21:00:00Z,2026-09-30T22:00:00Z,4 PM,5 PM,11.1,18,mph,NW
hourly,2026-09-28T07:21:02Z,2026-09-28T08:21:02Z,68,America/Chicago,2026-10-01,2026-10-01T20:00:00Z,2026-10-01T21:00:00Z,3 PM,4 PM,12.6,17,mph,NW
hourly,2026-09-28T07:21:02Z,2026-09-28T08:21:02Z,68,America/Chicago,2026-10-02,2026-10-02T19:00:00Z,2026-10-02T20:00:00Z,2 PM,3 PM,11.8,18,mph,S
hourly,2026-09-28T07:21:02Z,2026-09-28T08:21:02Z,68,America/Chicago,2026-10-03,2026-10-03T20:00:00Z,2026-10-03T21:00:00Z,3 PM,4 PM,8.3,20,mph,SW
hourly,2026-09-28T07:21:02Z,2026-09-28T08:21:02Z,250,America/Denver,2026-09-28,2026-09-28T22:00:00Z,2026-09-28T23:00:00Z,4 PM,5 PM,3.9,6,mph,NE
hourly,2026-09-28T07:21:02Z,2026-09-28T08:21:02Z,250,America/Denver,2026-09-29,2026-09-29T22:00:00Z,2026-09-29T23:00:00Z,4 PM,5 PM,17.5,12,mph,SW
hourly,2026-09-28T07:21:02Z,2026-09-28T08:21:02Z,250,America/Denver,2026-09-30,2026-09-30T20:00:00Z,2026-09-30T21:00:00Z,2 PM,3 PM,15,20,mph,NW
hourly,2026-09-28T07:21:02Z,2026-09-28T08:21:02Z,250,America/Denver,2026-10-01,2026-10-01T20:00:00Z,2026-10-01T21:00:00Z,2 PM,3 PM,15.7,12,mph,NW
hourly,2026-09-28T07:21:02Z,2026-09-28T08:21:02Z,250,America/Denver,2026-10-02,2026-10-02T20:00:00Z,2026-10-02T21:00:00Z,2 PM,3 PM,15,15,mph,S
hourly,2026-09-28T07:21:02Z,2026-09-28T08:21:02Z,250,America/Denver,2026-10-03,2026-10-03T21:00:00Z,2026-10-03T22:00:00Z,3 PM,4 PM,12.8,13,mph,NW
hourly,2026-09-28T07:21:03Z,2026-09-28T08:21:03Z,169,America/Chicago,2026-09-28,2026-09-28T20:00:00Z,2026-09-28T21:00:00Z,3 PM,4 PM,3,6,mph,SE
hourly,2026-09-28T07:21:03Z,2026-09-28T08:21:03Z,169,America/Chicago,2026-09-29,2026-09-29T22:00:00Z,2026-09-29T23:00:00Z,5 PM,6 PM,15.9,20,mph,SW
hourly,2026-09-28T07:21:03Z,2026-09-28T08:21:03Z,169,America/Chicago,2026-09-30,2026-09-30T21:00:00Z,2026-09-30T22:00:00Z,4 PM,5 PM,11.5,21,mph,NW
hourly,2026-09-28T07:21:03Z,2026-09-28T08:21:03Z,169,America/Chicago,2026-10-01,2026-10-01T20:00:00Z,2026-10-01T21:00:00Z,3 PM,4 PM,12.9,15,mph,W
hourly,2026-09-28T07:21:03Z,2026-09-28T08:21:03Z,169,America/Chicago,2026-10-02,2026-10-02T19:00:00Z,2026-10-02T20:00:00Z,2 PM,3 PM,12,16,mph,S
hourly,2026-09-28T07:21:03Z,2026-09-28T08:21:03Z,169,America/Chicago,2026-10-03,2026-10-03T22:00:00Z,2026-10-03T23:00:00Z,5 PM,6 PM,9.2,14,mph,NW
hourly,2026-09-28T07:21:04Z,2026-09-28T08:21:04Z,50,America/Chicago,2026-09-28,2026-09-28T11:00:00Z,2026-09-28T12:00:00Z,6 AM,7 AM,2.8,12,mph,E
hourly,2026-09-28T07:21:04Z,2026-09-28T08:21:04Z,50,America/Chicago,2026-09-29,2026-09-29T21:00:00Z,2026-09-29T22:00:00Z,4 PM,5 PM,10.4,10,mph,SW
hourly,2026-09-28T07:21:04Z,2026-09-28T08:21:04Z,50,America/Chicago,2026-09-30,2026-09-30T21:00:00Z,2026-09-30T22:00:00Z,4 PM,5 PM,12.9,17,mph,NW
hourly,2026-09-28T07:21:04Z,2026-09-28T08:21:04Z,50,America/Chicago,2026-10-01,2026-10-01T20:00:00Z,2026-10-01T21:00:00Z,3 PM,4 PM,13.8,13,mph,W
hourly,2026-09-28T07:21:04Z,2026-09-28T08:21:04Z,50,America/Chicago,2026-10-02,2026-10-02T21:00:00Z,2026-10-02T22:00:00Z,4 PM,5 PM,13,14,mph,S
hourly,2026-09-28T07:21:04Z,2026-09-28T08:21:04Z,50,America/Chicago,2026-10-03,2026-10-03T21:00:00Z,2026-10-03T22:00:00Z,4 PM,5 PM,10.4,13,mph,W
hourly,2026-09-28T07:21:05Z,2026-09-28T08:21:05Z,91,America/Chicago,2026-09-28,2026-09-28T19:00:00Z,2026-09-28T20:00:00Z,2 PM,3 PM,2.6,13,mph,SSE
hourly,2026-09-28T07:21:05Z,2026-09-28T08:21:05Z,91,America/Chicago,2026-09-29,2026-09-29T19:00:00Z,2026-09-29T20:00:00Z,2 PM,3 PM,1.4,8,mph,S
hourly,2026-09-28T07:21:05Z,2026-09-28T08:21:05Z,91,America/Chicago,2026-09-30,2026-09-30T21:00:00Z,2026-09-30T22:00:00Z,4 PM,5 PM,8.8,7,mph,WSW
hourly,2026-09-28T07:21:05Z,2026-09-28T08:21:05Z,91,America/Chicago,2026-10-01,2026-10-01T20:00:00Z,2026-10-01T21:00:00Z,3 PM,4 PM,10.9,15,mph,WNW
hourly,2026-09-28T07:21:05Z,2026-09-28T08:21:05Z,91,America/Chicago,2026-10-02,2026-10-02T19:00:00Z,2026-10-02T20:00:00Z,2 PM,3 PM,11.1,8,mph,W
hourly,2026-09-28T07:21:05Z,2026-09-28T08:21:05Z,91,America/Chicago,2026-10-03,2026-10-03T19:00:00Z,2026-10-03T20:00:00Z,2 PM,3 PM,7.7,15,mph,S
hourly,2026-09-28T07:21:06Z,2026-09-28T08:21:06Z,182,America/Chicago,2026-09-28,2026-09-28T19:00:00Z,2026-09-28T20:00:00Z,2 PM,3 PM,3.3,16,mph,SSE
hourly,2026-09-28T07:21:06Z,2026-09-28T08:21:06Z,182,America/Chicago,2026-09-29,2026-09-29T22:00:00Z,2026-09-29T23:00:00Z,5 PM,6 PM,2,9,mph,S
hourly,2026-09-28T07:21:06Z,2026-09-28T08:21:06Z,182,America/Chicago,2026-09-30,2026-09-30T21:00:00Z,2026-09-30T22:00:00Z,4 PM,5 PM,7.6,8,mph,WSW
hourly,2026-09-28T07:21:06Z,2026-09-28T08:21:06Z,182,America/Chicago,2026-10-01,2026-10-01T20:00:00Z,2026-10-01T21:00:00Z,3 PM,4 PM,10.9,16,mph,NW
hourly,2026-09-28T07:21:06Z,2026-09-28T08:21:06Z,182,America/Chicago,2026-10-02,2026-10-02T20:00:00Z,2026-10-02T21:00:00Z,3 PM,4 PM,10,12,mph,W
hourly,2026-09-28T07:21:06Z,2026-09-28T08:21:06Z,182,America/Chicago,2026-10-03,2026-10-03T20:00:00Z,2026-10-03T21:00:00Z,3 PM,4 PM,7.3,17,mph,S
hourly,2026-09-28T07:21:07Z,2026-09-28T08:21:07Z,272,America/Chicago,2026-09-28,2026-09-28T21:00:00Z,2026-09-28T22:00:00Z,4 PM,5 PM,5.3,10,mph,SSE
hourly,2026-09-28T07:21:07Z,2026-09-28T08:21:07Z,272,America/Chicago,2026-09-29,2026-09-29T18:00:00Z,2026-09-29T19:00:00Z,1 PM,2 PM,4.5,15,mph,S
hourly,2026-09-28T07:21:07Z,2026-09-28T08:21:07Z,272,America/Chicago,2026-09-30,2026-09-30T20:00:00Z,2026-09-30T21:00:00Z,3 PM,4 PM,3.4,5,mph,S
hourly,2026-09-28T07:21:07Z,2026-09-28T08:21:07Z,272,America/Chicago,2026-10-01,2026-10-01T19:00:00Z,2026-10-01T20:00:00Z,2 PM,3 PM,9.9,15,mph,NNW
hourly,2026-09-28T07:21:07Z,2026-09-28T08:21:07Z,272,America/Chicago,2026-10-02,2026-10-02T20:00:00Z,2026-10-02T21:00:00Z,3 PM,4 PM,10.3,5,mph,NNW
hourly,2026-09-28T07:21:07Z,2026-09-28T08:21:07Z,272,America/Chicago,2026-10-03,2026-10-03T20:00:00Z,2026-10-03T21:00:00Z,3 PM,4 PM,7.6,10,mph,S
hourly,2026-09-28T07:21:08Z,2026-09-28T08:21:08Z,259,America/Chicago,2026-09-28,2026-09-28T15:00:00Z,2026-09-28T16:00:00Z,10 AM,11 AM,1.7,12,mph,ESE
hourly,2026-09-28T07:21:08Z,2026-09-28T08:21:08Z,259,America/Chicago,2026-09-29,2026-09-29T21:00:00Z,2026-09-29T22:00:00Z,4 PM,5 PM,3.2,9,mph,SSW
hourly,2026-09-28T07:21:08Z,2026-09-28T08:21:08Z,259,America/Chicago,2026-09-30,2026-09-30T21:00:00Z,2026-09-30T22:00:00Z,4 PM,5 PM,9.5,14,mph,W
hourly,2026-09-28T07:21:08Z,2026-09-28T08:21:08Z,259,America/Chicago,2026-10-01,2026-10-01T20:00:00Z,2026-10-01T21:00:00Z,3 PM,4 PM,10.4,20,mph,WNW
hourly,2026-09-28T07:21:08Z,2026-09-28T08:21:08Z,259,America/Chicago,2026-10-02,2026-10-02T19:00:00Z,2026-10-02T20:00:00Z,2 PM,3 PM,10,12,mph,WSW
hourly,2026-09-28T07:21:08Z,2026-09-28T08:21:08Z,259,America/Chicago,2026-10-03,2026-10-03T20:00:00Z,2026-10-03T21:00:00Z,3 PM,4 PM,7.1,17,mph,S
hourly,2026-09-28T07:21:08Z,2026-09-28T08:21:08Z,117,America/Chicago,2026-09-28,2026-09-28T19:00:00Z,2026-09-28T20:00:00Z,2 PM,3 PM,5.2,12,mph,SSE
hourly,2026-09-28T07:21:08Z,2026-09-28T08:21:08Z,117,America/Chicago,2026-09-29,2026-09-29T20:00:00Z,2026-09-29T21:00:00Z,3 PM,4 PM,2.6,10,mph,S
hourly,2026-09-28T07:21:08Z,2026-09-28T08:21:08Z,117,America/Chicago,2026-09-30,2026-09-30T21:00:00Z,2026-09-30T22:00:00Z,4 PM,5 PM,8.9,7,mph,WSW
hourly,2026-09-28T07:21:08Z,2026-09-28T08:21:08Z,117,America/Chicago,2026-10-01,2026-10-01T20:00:00Z,2026-10-01T21:00:00Z,3 PM,4 PM,11.4,14,mph,NW
hourly,2026-09-28T07:21:08Z,2026-09-28T08:21:08Z,117,America/Chicago,2026-10-02,2026-10-02T20:00:00Z,2026-10-02T21:00:00Z,3 PM,4 PM,10.9,9,mph,W
hourly,2026-09-28T07:21:08Z,2026-09-28T08:21:08Z,117,America/Chicago,2026-10-03,2026-10-03T19:00:00Z,2026-10-03T20:00:00Z,2 PM,3 PM,8.2,15,mph,S
hourly,2026-09-28T07:21:09Z,2026-09-28T08:21:09Z,63,America/Chicago,2026-09-28,2026-09-28T20:00:00Z,2026-09-28T21:00:00Z,3 PM,4 PM,4.1,17,mph,SSE
hourly,2026-09-28T07:21:09Z,2026-09-28T08:21:09Z,63,America/Chicago,2026-09-29,2026-09-29T22:00:00Z,2026-09-29T23:00:00Z,5 PM,6 PM,3.4,6,mph,SSE
hourly,2026-09-28T07:21:09Z,2026-09-28T08:21:09Z,63,America/Chicago,2026-09-30,2026-09-30T21:00:00Z,2026-09-30T22:00:00Z,4 PM,5 PM,10.2,7,mph,WSW
hourly,2026-09-28T07:21:09Z,2026-09-28T08:21:09Z,63,America/Chicago,2026-10-01,2026-10-01T20:00:00Z,2026-10-01T21:00:00Z,3 PM,4 PM,12.9,16,mph,NW
hourly,2026-09-28T07:21:09Z,2026-09-28T08:21:09Z,63,America/Chicago,2026-10-02,2026-10-02T19:00:00Z,2026-10-02T20:00:00Z,2 PM,3 PM,12.3,10,mph,WSW
hourly,2026-09-28T07:21:09Z,2026-09-28T08:21:09Z,63,America/Chicago,2026-10-03,2026-10-03T20:00:00Z,2026-10-03T21:00:00Z,3 PM,4 PM,9.5,16,mph,S
hourly,2026-09-28T07:21:10Z,2026-09-28T08:21:10Z,150,America/Chicago,2026-09-28,2026-09-28T12:00:00Z,2026-09-28T13:00:00Z,7 AM,8 AM,2.5,7,mph,SE
hourly,2026-09-28T07:21:10Z,2026-09-28T08:21:10Z,150,America/Chicago,2026-09-29,2026-09-29T22:00:00Z,2026-09-29T23:00:00Z,5 PM,6 PM,6.8,10,mph,SW
hourly,2026-09-28T07:21:10Z,2026-09-28T08:21:10Z,150,America/Chicago,2026-09-30,2026-09-30T20:00:00Z,2026-09-30T21:00:00Z,3 PM,4 PM,12.2,15,mph,WNW
hourly,2026-09-28T07:21:10Z,2026-09-28T08:21:10Z,150,America/Chicago,2026-10-01,2026-10-01T20:00:00Z,2026-10-01T21:00:00Z,3 PM,4 PM,11.4,20,mph,WNW
hourly,2026-09-28T07:21:10Z,2026-09-28T08:21:10Z,150,America/Chicago,2026-10-02,2026-10-02T20:00:00Z,2026-10-02T21:00:00Z,3 PM,4 PM,10.9,13,mph,SW
hourly,2026-09-28T07:21:10Z,2026-09-28T08:21:10Z,150,America/Chicago,2026-10-03,2026-10-03T20:00:00Z,2026-10-03T21:00:00Z,3 PM,4 PM,8.2,16,mph,SSW
hourly,2026-09-28T07:21:11Z,2026-09-28T08:21:11Z,6,America/Chicago,2026-09-28,2026-09-28T15:00:00Z,2026-09-28T16:00:00Z,10 AM,11 AM,1.7,9,mph,ESE
hourly,2026-09-28T07:21:11Z,2026-09-28T08:21:11Z,6,America/Chicago,2026-09-29,2026-09-29T21:00:00Z,2026-09-29T22:00:00Z,4 PM,5 PM,3.9,7,mph,SSW
hourly,2026-09-28T07:21:11Z,2026-09-28T08:21:11Z,6,America/Chicago,2026-09-30,2026-09-30T21:00:00Z,2026-09-30T22:00:00Z,4 PM,5 PM,10.7,13,mph,W
hourly,2026-09-28T07:21:11Z,2026-09-28T08:21:11Z,6,America/Chicago,2026-10-01,2026-10-01T20:00:00Z,2026-10-01T21:00:00Z,3 PM,4 PM,11.9,18,mph,WNW
hourly,2026-09-28T07:21:11Z,2026-09-28T08:21:11Z,6,America/Chicago,2026-10-02,2026-10-02T19:00:00Z,2026-10-02T20:00:00Z,2 PM,3 PM,10.7,10,mph,WSW
hourly,2026-09-28T07:21:11Z,2026-09-28T08:21:11Z,6,America/Chicago,2026-10-03,2026-10-03T19:00:00Z,2026-10-03T20:00:00Z,2 PM,3 PM,7.8,17,mph,S
hourly,2026-09-28T07:21:11Z,2026-09-28T08:21:11Z,222,America/Chicago,2026-09-28,2026-09-28T20:00:00Z,2026-09-28T21:00:00Z,3 PM,4 PM,5.2,10,mph,SSE
hourly,2026-09-28T07:21:11Z,2026-09-28T08:21:11Z,222,America/Chicago,2026-09-29,2026-09-29T18:00:00Z,2026-09-29T19:00:00Z,1 PM,2 PM,4.5,15,mph,S
hourly,2026-09-28T07:21:11Z,2026-09-28T08:21:11Z,222,America/Chicago,2026-09-30,2026-09-30T20:00:00Z,2026-09-30T21:00:00Z,3 PM,4 PM,2.7,5,mph,S
hourly,2026-09-28T07:21:11Z,2026-09-28T08:21:11Z,222,America/Chicago,2026-10-01,2026-10-01T20:00:00Z,2026-10-01T21:00:00Z,3 PM,4 PM,9.4,10,mph,NNW
hourly,2026-09-28T07:21:11Z,2026-09-28T08:21:11Z,222,America/Chicago,2026-10-02,2026-10-02T19:00:00Z,2026-10-02T20:00:00Z,2 PM,3 PM,9.7,5,mph,NW
hourly,2026-09-28T07:21:11Z,2026-09-28T08:21:11Z,222,America/Chicago,2026-10-03,2026-10-03T20:00:00Z,2026-10-03T21:00:00Z,3 PM,4 PM,8.1,10,mph,S
hourly,2026-09-28T07:21:12Z,2026-09-28T08:21:12Z,231,America/Chicago,2026-09-28,2026-09-28T22:00:00Z,2026-09-28T23:00:00Z,5 PM,6 PM,4.3,6,mph,NE
hourly,2026-09-28T07:21:12Z,2026-09-28T08:21:12Z,231,America/Chicago,2026-09-29,2026-09-29T21:00:00Z,2026-09-29T22:00:00Z,4 PM,5 PM,17.2,18,mph,SW
hourly,2026-09-28T07:21:12Z,2026-09-28T08:21:12Z,231,America/Chicago,2026-09-30,2026-09-30T21:00:00Z,2026-09-30T22:00:00Z,4 PM,5 PM,13.1,18,mph,NW
hourly,2026-09-28T07:21:12Z,2026-09-28T08:21:12Z,231,America/Chicago,2026-10-01,2026-10-01T20:00:00Z,2026-10-01T21:00:00Z,3 PM,4 PM,14.6,12,mph,W
hourly,2026-09-28T07:21:12Z,2026-09-28T08:21:12Z,231,America/Chicago,2026-10-02,2026-10-02T20:00:00Z,2026-10-02T21:00:00Z,3 PM,4 PM,14,13,mph,S
hourly,2026-09-28T07:21:12Z,2026-09-28T08:21:12Z,231,America/Chicago,2026-10-03,2026-10-03T21:00:00Z,2026-10-03T22:00:00Z,4 PM,5 PM,11,13,mph,NW
hourly,2026-09-28T07:21:13Z,2026-09-28T08:21:13Z,92,America/Chicago,2026-09-28,2026-09-28T20:00:00Z,2026-09-28T21:00:00Z,3 PM,4 PM,2.6,13,mph,SSE
hourly,2026-09-28T07:21:13Z,2026-09-28T08:21:13Z,92,America/Chicago,2026-09-29,2026-09-29T20:00:00Z,2026-09-29T21:00:00Z,3 PM,4 PM,2,7,mph,S
hourly,2026-09-28T07:21:13Z,2026-09-28T08:21:13Z,92,America/Chicago,2026-09-30,2026-09-30T21:00:00Z,2026-09-30T22:00:00Z,4 PM,5 PM,9.3,8,mph,WSW
hourly,2026-09-28T07:21:13Z,2026-09-28T08:21:13Z,92,America/Chicago,2026-10-01,2026-10-01T20:00:00Z,2026-10-01T21:00:00Z,3 PM,4 PM,11.3,15,mph,WNW
hourly,2026-09-28T07:21:13Z,2026-09-28T08:21:13Z,92,America/Chicago,2026-10-02,2026-10-02T19:00:00Z,2026-10-02T20:00:00Z,2 PM,3 PM,11.1,9,mph,WSW
hourly,2026-09-28T07:21:13Z,2026-09-28T08:21:13Z,92,America/Chicago,2026-10-03,2026-10-03T20:00:00Z,2026-10-03T21:00:00Z,3 PM,4 PM,7.7,16,mph,S
hourly,2026-09-28T07:21:13Z,2026-09-28T08:21:13Z,112,America/Chicago,2026-09-28,2026-09-28T12:00:00Z,2026-09-28T13:00:00Z,7 AM,8 AM,2.7,10,mph,E
hourly,2026-09-28T07:21:13Z,2026-09-28T08:21:13Z,112,America/Chicago,2026-09-29,2026-09-29T22:00:00Z,2026-09-29T23:00:00Z,5 PM,6 PM,6.9,10,mph,SW
hourly,2026-09-28T07:21:13Z,2026-09-28T08:21:13Z,112,America/Chicago,2026-09-30,2026-09-30T21:00:00Z,2026-09-30T22:00:00Z,4 PM,5 PM,11.8,18,mph,WNW
hourly,2026-09-28T07:21:13Z,2026-09-28T08:21:13Z,112,America/Chicago,2026-10-01,2026-10-01T20:00:00Z,2026-10-01T21:00:00Z,3 PM,4 PM,12.1,18,mph,WNW
hourly,2026-09-28T07:21:13Z,2026-09-28T08:21:13Z,112,America/Chicago,2026-10-02,2026-10-02T20:00:00Z,2026-10-02T21:00:00Z,3 PM,4 PM,10.6,14,mph,SSW
hourly,2026-09-28T07:21:13Z,2026-09-28T08:21:13Z,112,America/Chicago,2026-10-03,2026-10-03T20:00:00Z,2026-10-03T21:00:00Z,3 PM,4 PM,8.1,16,mph,SSW
hourly,2026-09-28T07:21:14Z,2026-09-28T08:21:14Z,271,America/Chicago,2026-09-28,2026-09-28T22:00:00Z,2026-09-28T23:00:00Z,5 PM,6 PM,4.8,10,mph,SSE
hourly,2026-09-28T07:21:14Z,2026-09-28T08:21:14Z,271,America/Chicago,2026-09-29,2026-09-29T17:00:00Z,2026-09-29T18:00:00Z,12 PM,1 PM,4.5,15,mph,S
hourly,2026-09-28T07:21:14Z,2026-09-28T08:21:14Z,271,America/Chicago,2026-09-30,2026-09-30T20:00:00Z,2026-09-30T21:00:00Z,3 PM,4 PM,2.1,10,mph,S
hourly,2026-09-28T07:21:14Z,2026-09-28T08:21:14Z,271,America/Chicago,2026-10-01,2026-10-01T20:00:00Z,2026-10-01T21:00:00Z,3 PM,4 PM,8.4,15,mph,NNW
hourly,2026-09-28T07:21:14Z,2026-09-28T08:21:14Z,271,America/Chicago,2026-10-02,2026-10-02T19:00:00Z,2026-10-02T20:00:00Z,2 PM,3 PM,8.8,5,mph,NNW
hourly,2026-09-28T07:21:14Z,2026-09-28T08:21:14Z,271,America/Chicago,2026-10-03,2026-10-03T20:00:00Z,2026-10-03T21:00:00Z,3 PM,4 PM,7.6,10,mph,S
hourly,2026-09-28T07:21:15Z,2026-09-28T08:21:15Z,131,America/Chicago,2026-09-28,2026-09-28T20:00:00Z,2026-09-28T21:00:00Z,3 PM,4 PM,2.5,7,mph,SE
hourly,2026-09-28T07:21:15Z,2026-09-28T08:21:15Z,131,America/Chicago,2026-09-29,2026-09-29T21:00:00Z,2026-09-29T22:00:00Z,4 PM,5 PM,16.3,16,mph,SW
hourly,2026-09-28T07:21:15Z,2026-09-28T08:21:15Z,131,America/Chicago,2026-09-30,2026-09-30T21:00:00Z,2026-09-30T22:00:00Z,4 PM,5 PM,13.8,21,mph,NW
hourly,2026-09-28T07:21:15Z,2026-09-28T08:21:15Z,131,America/Chicago,2026-10-01,2026-10-01T20:00:00Z,2026-10-01T21:00:00Z,3 PM,4 PM,15.2,15,mph,NW
hourly,2026-09-28T07:21:15Z,2026-09-28T08:21:15Z,131,America/Chicago,2026-10-02,2026-10-02T21:00:00Z,2026-10-02T22:00:00Z,4 PM,5 PM,14.3,16,mph,S
hourly,2026-09-28T07:21:15Z,2026-09-28T08:21:15Z,131,America/Chicago,2026-10-03,2026-10-03T21:00:00Z,2026-10-03T22:00:00Z,4 PM,5 PM,11.6,14,mph,NW
hourly,2026-09-28T07:21:15Z,2026-09-28T08:21:15Z,123,America/Chicago,2026-09-28,2026-09-28T19:00:00Z,2026-09-28T20:00:00Z,2 PM,3 PM,4,15,mph,SSE
hourly,2026-09-28T07:21:15Z,2026-09-28T08:21:15Z,123,America/Chicago,2026-09-29,2026-09-29T21:00:00Z,2026-09-29T22:00:00Z,4 PM,5 PM,2,10,mph,SSE
hourly,2026-09-28T07:21:15Z,2026-09-28T08:21:15Z,123,America/Chicago,2026-09-30,2026-09-30T21:00:00Z,2026-09-30T22:00:00Z,4 PM,5 PM,6.4,5,mph,WSW
hourly,2026-09-28T07:21:15Z,2026-09-28T08:21:15Z,123,America/Chicago,2026-10-01,2026-10-01T19:00:00Z,2026-10-01T20:00:00Z,2 PM,3 PM,10.9,15,mph,NW
hourly,2026-09-28T07:21:15Z,2026-09-28T08:21:15Z,123,America/Chicago,2026-10-02,2026-10-02T19:00:00Z,2026-10-02T20:00:00Z,2 PM,3 PM,10.4,10,mph,W
hourly,2026-09-28T07:21:15Z,2026-09-28T08:21:15Z,123,America/Chicago,2026-10-03,2026-10-03T20:00:00Z,2026-10-03T21:00:00Z,3 PM,4 PM,7.3,15,mph,S
hourly,2026-09-28T07:21:16Z,2026-09-28T08:21:16Z,95,America/Chicago,2026-09-28,2026-09-28T17:00:00Z,2026-09-28T18:00:00Z,12 PM,1 PM,4.1,6,mph,SE
hourly,2026-09-28T07:21:16Z,2026-09-28T08:21:16Z,95,America/Chicago,2026-09-29,2026-09-29T20:00:00Z,2026-09-29T21:00:00Z,3 PM,4 PM,3.2,8,mph,SSW
hourly,2026-09-28T07:21:16Z,2026-09-28T08:21:16Z,95,America/Chicago,2026-09-30,2026-09-30T21:00:00Z,2026-09-30T22:00:00Z,4 PM,5 PM,9.6,10,mph,W
hourly,2026-09-28T07:21:16Z,2026-09-28T08:21:16Z,95,America/Chicago,2026-10-01,2026-10-01T19:00:00Z,2026-10-01T20:00:00Z,2 PM,3 PM,9.1,18,mph,WNW
hourly,2026-09-28T07:21:16Z,2026-09-28T08:21:16Z,95,America/Chicago,2026-10-02,2026-10-02T19:00:00Z,2026-10-02T20:00:00Z,2 PM,3 PM,10.3,10,mph,W
hourly,2026-09-28T07:21:16Z,2026-09-28T08:21:16Z,95,America/Chicago,2026-10-03,2026-10-03T20:00:00Z,2026-10-03T21:00:00Z,3 PM,4 PM,7.4,14,mph,S
hourly,2026-09-28T07:21:17Z,2026-09-28T08:21:17Z,53,America/Chicago,2026-09-28,2026-09-28T22:00:00Z,2026-09-28T23:00:00Z,5 PM,6 PM,5.1,6,mph,E
hourly,2026-09-28T07:21:17Z,2026-09-28T08:21:17Z,53,America/Chicago,2026-09-29,2026-09-29T22:00:00Z,2026-09-29T23:00:00Z,5 PM,6 PM,17.5,20,mph,SW
hourly,2026-09-28T07:21:17Z,2026-09-28T08:21:17Z,53,America/Chicago,2026-09-30,2026-09-30T21:00:00Z,2026-09-30T22:00:00Z,4 PM,5 PM,12.3,20,mph,NW
hourly,2026-09-28T07:21:17Z,2026-09-28T08:21:17Z,53,America/Chicago,2026-10-01,2026-10-01T20:00:00Z,2026-10-01T21:00:00Z,3 PM,4 PM,14.4,12,mph,W
hourly,2026-09-28T07:21:17Z,2026-09-28T08:21:17Z,53,America/Chicago,2026-10-02,2026-10-02T20:00:00Z,2026-10-02T21:00:00Z,3 PM,4 PM,12.5,13,mph,S
hourly,2026-09-28T07:21:17Z,2026-09-28T08:21:17Z,53,America/Chicago,2026-10-03,2026-10-03T21:00:00Z,2026-10-03T22:00:00Z,4 PM,5 PM,10,14,mph,NW
hourly,2026-09-28T07:21:18Z,2026-09-28T08:21:17Z,234,America/Chicago,2026-09-28,2026-09-28T21:00:00Z,2026-09-28T22:00:00Z,4 PM,5 PM,4.8,10,mph,SSE
hourly,2026-09-28T07:21:18Z,2026-09-28T08:21:17Z,234,America/Chicago,2026-09-29,2026-09-29T21:00:00Z,2026-09-29T22:00:00Z,4 PM,5 PM,1.4,10,mph,SSE
hourly,2026-09-28T07:21:18Z,2026-09-28T08:21:17Z,234,America/Chicago,2026-09-30,2026-09-30T20:00:00Z,2026-09-30T21:00:00Z,3 PM,4 PM,4.7,5,mph,W
hourly,2026-09-28T07:21:18Z,2026-09-28T08:21:17Z,234,America/Chicago,2026-10-01,2026-10-01T20:00:00Z,2026-10-01T21:00:00Z,3 PM,4 PM,10.1,15,mph,NW
hourly,2026-09-28T07:21:18Z,2026-09-28T08:21:17Z,234,America/Chicago,2026-10-02,2026-10-02T20:00:00Z,2026-10-02T21:00:00Z,3 PM,4 PM,9.7,10,mph,WNW
hourly,2026-09-28T07:21:18Z,2026-09-28T08:21:17Z,234,America/Chicago,2026-10-03,2026-10-03T20:00:00Z,2026-10-03T21:00:00Z,3 PM,4 PM,6.8,15,mph,S
hourly,2026-09-28T07:21:19Z,2026-09-28T08:21:19Z,203,America/Chicago,2026-09-28,2026-09-28T12:00:00Z,2026-09-28T13:00:00Z,7 AM,8 AM,2.7,9,mph,E
hourly,2026-09-28T07:21:19Z,2026-09-28T08:21:19Z,203,America/Chicago,2026-09-29,2026-09-29T22:00:00Z,2026-09-29T23:00:00Z,5 PM,6 PM,9.2,10,mph,SW
hourly,2026-09-28T07:21:19Z,2026-09-28T08:21:19Z,203,America/Chicago,2026-09-30,2026-09-30T21:00:00Z,2026-09-30T22:00:00Z,4 PM,5 PM,11.5,16,mph,NW
hourly,2026-09-28T07:21:19Z,2026-09-28T08:21:19Z,203,America/Chicago,2026-10-01,2026-10-01T20:00:00Z,2026-10-01T21:00:00Z,3 PM,4 PM,11.9,15,mph,W
hourly,2026-09-28T07:21:19Z,2026-09-28T08:21:19Z,203,America/Chicago,2026-10-02,2026-10-02T20:00:00Z,2026-10-02T21:00:00Z,3 PM,4 PM,10.8,10,mph,S
hourly,2026-09-28T07:21:19Z,2026-09-28T08:21:19Z,203,America/Chicago,2026-10-03,2026-10-03T20:00:00Z,2026-10-03T21:00:00Z,3 PM,4 PM,7.7,12,mph,SW
hourly,2026-09-28T07:21:19Z,2026-09-28T08:21:19Z,240,America/Chicago,2026-09-28,2026-09-28T19:00:00Z,2026-09-28T20:00:00Z,2 PM,3 PM,5.1,10,mph,S
hourly,2026-09-28T07:21:19Z,2026-09-28T08:21:19Z,240,America/Chicago,2026-09-29,2026-09-29T15:00:00Z,2026-09-29T16:00:00Z,10 AM,11 AM,3.1,15,mph,S
hourly,2026-09-28T07:21:19Z,2026-09-28T08:21:19Z,240,America/Chicago,2026-09-30,2026-09-30T20:00:00Z,2026-09-30T21:00:00Z,3 PM,4 PM,4,5,mph,S
hourly,2026-09-28T07:21:19Z,2026-09-28T08:21:19Z,240,America/Chicago,2026-10-01,2026-10-01T19:00:00Z,2026-10-01T20:00:00Z,2 PM,3 PM,9.2,15,mph,NNW
hourly,2026-09-28T07:21:19Z,2026-09-28T08:21:19Z,240,America/Chicago,2026-10-02,2026-10-02T20:00:00Z,2026-10-02T21:00:00Z,3 PM,4 PM,9.8,5,mph,N
hourly,2026-09-28T07:21:19Z,2026-09-28T08:21:19Z,240,America/Chicago,2026-10-03,2026-10-03T19:00:00Z,2026-10-03T20:00:00Z,2 PM,3 PM,6.9,10,mph,S
hourly,2026-09-28T07:21:20Z,2026-09-28T08:21:20Z,190,America/Chicago,2026-09-28,2026-09-28T11:00:00Z,2026-09-28T12:00:00Z,6 AM,7 AM,3.3,14,mph,E
hourly,2026-09-28T07:21:20Z,2026-09-28T08:21:20Z,190,America/Chicago,2026-09-29,2026-09-29T21:00:00Z,2026-09-29T22:00:00Z,4 PM,5 PM,8.1,10,mph,W
hourly,2026-09-28T07:21:20Z,2026-09-28T08:21:20Z,190,America/Chicago,2026-09-30,2026-09-30T21:00:00Z,2026-09-30T22:00:00Z,4 PM,5 PM,11.9,20,mph,NW
hourly,2026-09-28T07:21:20Z,2026-09-28T08:21:20Z,190,America/Chicago,2026-10-01,2026-10-01T20:00:00Z,2026-10-01T21:00:00Z,3 PM,4 PM,12.9,16,mph,NW
hourly,2026-09-28T07:21:20Z,2026-09-28T08:21:20Z,190,America/Chicago,2026-10-02,2026-10-02T20:00:00Z,2026-10-02T21:00:00Z,3 PM,4 PM,12,17,mph,S
hourly,2026-09-28T07:21:20Z,2026-09-28T08:21:20Z,190,America/Chicago,2026-10-03,2026-10-03T20:00:00Z,2026-10-03T21:00:00Z,3 PM,4 PM,9.4,17,mph,W
hourly,2026-09-28T07:21:21Z,2026-09-28T08:21:21Z,208,America/Chicago,2026-09-28,2026-09-28T11:00:00Z,2026-09-28T12:00:00Z,6 AM,7 AM,4,13,mph,SE
hourly,2026-09-28T07:21:21Z,2026-09-28T08:21:21Z,208,America/Chicago,2026-09-29,2026-09-29T22:00:00Z,2026-09-29T23:00:00Z,5 PM,6 PM,5.6,6,mph,N
hourly,2026-09-28T07:21:21Z,2026-09-28T08:21:21Z,208,America/Chicago,2026-09-30,2026-09-30T20:00:00Z,2026-09-30T21:00:00Z,3 PM,4 PM,10.6,14,mph,NW
hourly,2026-09-28T07:21:21Z,2026-09-28T08:21:21Z,208,America/Chicago,2026-10-01,2026-10-01T19:00:00Z,2026-10-01T20:00:00Z,2 PM,3 PM,10.9,15,mph,NW
hourly,2026-09-28T07:21:21Z,2026-09-28T08:21:21Z,208,America/Chicago,2026-10-02,2026-10-02T20:00:00Z,2026-10-02T21:00:00Z,3 PM,4 PM,11.2,17,mph,S
hourly,2026-09-28T07:21:21Z,2026-09-28T08:21:21Z,208,America/Chicago,2026-10-03,2026-10-03T20:00:00Z,2026-10-03T21:00:00Z,3 PM,4 PM,7.8,16,mph,S
hourly,2026-09-28T07:21:21Z,2026-09-28T08:21:21Z,57,America/Chicago,2026-09-28,2026-09-28T11:00:00Z,2026-09-28T12:00:00Z,6 AM,7 AM,3.6,15,mph,SE
hourly,2026-09-28T07:21:21Z,2026-09-28T08:21:21Z,57,America/Chicago,2026-09-29,2026-09-29T22:00:00Z,2026-09-29T23:00:00Z,5 PM,6 PM,6.3,6,mph,NW
hourly,2026-09-28T07:21:21Z,2026-09-28T08:21:21Z,57,America/Chicago,2026-09-30,2026-09-30T20:00:00Z,2026-09-30T21:00:00Z,3 PM,4 PM,11.2,15,mph,NW
hourly,2026-09-28T07:21:21Z,2026-09-28T08:21:21Z,57,America/Chicago,2026-10-01,2026-10-01T20:00:00Z,2026-10-01T21:00:00Z,3 PM,4 PM,12,14,mph,NW
hourly,2026-09-28T07:21:21Z,2026-09-28T08:21:21Z,57,America/Chicago,2026-10-02,2026-10-02T20:00:00Z,2026-10-02T21:00:00Z,3 PM,4 PM,11.7,17,mph,S
hourly,2026-09-28T07:21:21Z,2026-09-28T08:21:21Z,57,America/Chicago,2026-10-03,2026-10-03T19:00:00Z,2026-10-03T20:00:00Z,2 PM,3 PM,8.9,17,mph,S
hourly,2026-09-28T07:21:22Z,2026-09-28T08:21:22Z,149,America/Chicago,2026-09-28,2026-09-28T12:00:00Z,2026-09-28T13:00:00Z,7 AM,8 AM,2.1,10,mph,E
hourly,2026-09-28T07:21:22Z,2026-09-28T08:21:22Z,149,America/Chicago,2026-09-29,2026-09-29T22:00:00Z,2026-09-29T23:00:00Z,5 PM,6 PM,8,10,mph,SW
hourly,2026-09-28T07:21:22Z,2026-09-28T08:21:22Z,149,America/Chicago,2026-09-30,2026-09-30T21:00:00Z,2026-09-30T22:00:00Z,4 PM,5 PM,11.5,17,mph,NW
hourly,2026-09-28T07:21:22Z,2026-09-28T08:21:22Z,149,America/Chicago,2026-10-01,2026-10-01T20:00:00Z,2026-10-01T21:00:00Z,3 PM,4 PM,11.4,17,mph,W
hourly,2026-09-28T07:21:22Z,2026-09-28T08:21:22Z,149,America/Chicago,2026-10-02,2026-10-02T21:00:00Z,2026-10-02T22:00:00Z,4 PM,5 PM,11.1,12,mph,S
hourly,2026-09-28T07:21:22Z,2026-09-28T08:21:22Z,149,America/Chicago,2026-10-03,2026-10-03T20:00:00Z,2026-10-03T21:00:00Z,3 PM,4 PM,8.2,14,mph,SW
hourly,2026-09-28T07:21:23Z,2026-09-28T08:21:23Z,148,America/Chicago,2026-09-28,2026-09-28T19:00:00Z,2026-09-28T20:00:00Z,2 PM,3 PM,3.3,17,mph,SSE
hourly,2026-09-28T07:21:23Z,2026-09-28T08:21:23Z,148,America/Chicago,2026-09-29,2026-09-29T22:00:00Z,2026-09-29T23:00:00Z,5 PM,6 PM,2.7,6,mph,SSE
hourly,2026-09-28T07:21:23Z,2026-09-28T08:21:23Z,148,America/Chicago,2026-09-30,2026-09-30T20:00:00Z,2026-09-30T21:00:00Z,3 PM,4 PM,9.6,8,mph,WSW
hourly,2026-09-28T07:21:23Z,2026-09-28T08:21:23Z,148,America/Chicago,2026-10-01,2026-10-01T20:00:00Z,2026-10-01T21:00:00Z,3 PM,4 PM,12.6,15,mph,NW
hourly,2026-09-28T07:21:23Z,2026-09-28T08:21:23Z,148,America/Chicago,2026-10-02,2026-10-02T19:00:00Z,2026-10-02T20:00:00Z,2 PM,3 PM,11.9,10,mph,WSW
hourly,2026-09-28T07:21:23Z,2026-09-28T08:21:23Z,148,America/Chicago,2026-10-03,2026-10-03T20:00:00Z,2026-10-03T21:00:00Z,3 PM,4 PM,8.5,16,mph,S
hourly,2026-09-28T07:21:24Z,2026-09-28T08:21:24Z,239,America/Chicago,2026-09-28,2026-09-28T11:00:00Z,2026-09-28T12:00:00Z,6 AM,7 AM,5,14,mph,SE
hourly,2026-09-28T07:21:24Z,2026-09-28T08:21:24Z,239,America/Chicago,2026-09-29,2026-09-29T21:00:00Z,2026-09-29T22:00:00Z,4 PM,5 PM,5.1,9,mph,W
hourly,2026-09-28T07:21:24Z,2026-09-28T08:21:24Z,239,America/Chicago,2026-09-30,2026-09-30T20:00:00Z,2026-09-30T21:00:00Z,3 PM,4 PM,9.4,17,mph,NW
hourly,2026-09-28T07:21:24Z,2026-09-28T08:21:24Z,239,America/Chicago,2026-10-01,2026-10-01T20:00:00Z,2026-10-01T21:00:00Z,3 PM,4 PM,11.1,17,mph,NW
hourly,2026-09-28T07:21:24Z,2026-09-28T08:21:24Z,239,America/Chicago,2026-10-02,2026-10-02T20:00:00Z,2026-10-02T21:00:00Z,3 PM,4 PM,9.9,17,mph,S
hourly,2026-09-28T07:21:24Z,2026-09-28T08:21:24Z,239,America/Chicago,2026-10-03,2026-10-03T20:00:00Z,2026-10-03T21:00:00Z,3 PM,4 PM,7.8,17,mph,SW
hourly,2026-09-28T07:21:24Z,2026-09-28T08:21:24Z,202,America/Chicago,2026-09-28,2026-09-28T11:00:00Z,2026-09-28T12:00:00Z,6 AM,7 AM,2.7,9,mph,E
hourly,2026-09-28T07:21:24Z,2026-09-28T08:21:24Z,202,America/Chicago,2026-09-29,2026-09-29T21:00:00Z,2026-09-29T22:00:00Z,4 PM,5 PM,3.2,6,mph,SW
hourly,2026-09-28T07:21:24Z,2026-09-28T08:21:24Z,202,America/Chicago,2026-09-30,2026-09-30T20:00:00Z,2026-09-30T21:00:00Z,3 PM,4 PM,9.7,12,mph,NW
hourly,2026-09-28T07:21:24Z,2026-09-28T08:21:24Z,202,America/Chicago,2026-10-01,2026-10-01T20:00:00Z,2026-10-01T21:00:00Z,3 PM,4 PM,11.8,15,mph,NW
hourly,2026-09-28T07:21:24Z,2026-09-28T08:21:24Z,202,America/Chicago,2026-10-02,2026-10-02T20:00:00Z,2026-10-02T21:00:00Z,3 PM,4 PM,10.8,13,mph,S
hourly,2026-09-28T07:21:24Z,2026-09-28T08:21:24Z,202,America/Chicago,2026-10-03,2026-10-03T19:00:00Z,2026-10-03T20:00:00Z,2 PM,3 PM,7.9,15,mph,S
hourly,2026-09-28T07:21:25Z,2026-09-28T08:21:25Z,215,America/North_Dakota/Beulah,2026-09-28,2026-09-28T20:00:00Z,2026-09-28T21:00:00Z,3 PM,4 PM,3.7,7,mph,SE
hourly,2026-09-28T07:21:25Z,2026-09-28T08:21:25Z,215,America/North_Dakota/Beulah,2026-09-29,2026-09-29T22:00:00Z,2026-09-29T23:00:00Z,5 PM,6 PM,15.7,13,mph,SW
hourly,2026-09-28T07:21:25Z,2026-09-28T08:21:25Z,215,America/North_Dakota/Beulah,2026-09-30,2026-09-30T21:00:00Z,2026-09-30T22:00:00Z,4 PM,5 PM,14.8,21,mph,NW
hourly,2026-09-28T07:21:25Z,2026-09-28T08:21:25Z,215,America/North_Dakota/Beulah,2026-10-01,2026-10-01T21:00:00Z,2026-10-01T22:00:00Z,4 PM,5 PM,15.6,13,mph,NW
hourly,2026-09-28T07:21:25Z,2026-09-28T08:21:25Z,215,America/North_Dakota/Beulah,2026-10-02,2026-10-02T20:00:00Z,2026-10-02T21:00:00Z,3 PM,4 PM,14.6,16,mph,S
hourly,2026-09-28T07:21:25Z,2026-09-28T08:21:25Z,215,America/North_Dakota/Beulah,2026-10-03,2026-10-03T21:00:00Z,2026-10-03T22:00:00Z,4 PM,5 PM,12.3,13,mph,NW
hourly,2026-09-28T07:21:26Z,2026-09-28T08:21:26Z,110,America/Chicago,2026-09-28,2026-09-28T20:00:00Z,2026-09-28T21:00:00Z,3 PM,4 PM,1.4,21,mph,S
hourly,2026-09-28T07:21:26Z,2026-09-28T08:21:26Z,110,America/Chicago,2026-09-29,2026-09-29T22:00:00Z,2026-09-29T23:00:00Z,5 PM,6 PM,4.5,6,mph,NW
hourly,2026-09-28T07:21:26Z,2026-09-28T08:21:26Z,110,America/Chicago,2026-09-30,2026-09-30T20:00:00Z,2026-09-30T21:00:00Z,3 PM,4 PM,10.1,15,mph,NW
hourly,2026-09-28T07:21:26Z,2026-09-28T08:21:26Z,110,America/Chicago,2026-10-01,2026-10-01T19:00:00Z,2026-10-01T20:00:00Z,2 PM,3 PM,10.7,14,mph,NW
hourly,2026-09-28T07:21:26Z,2026-09-28T08:21:26Z,110,America/Chicago,2026-10-02,2026-10-02T20:00:00Z,2026-10-02T21:00:00Z,3 PM,4 PM,9.5,17,mph,S
hourly,2026-09-28T07:21:26Z,2026-09-28T08:21:26Z,110,America/Chicago,2026-10-03,2026-10-03T20:00:00Z,2026-10-03T21:00:00Z,3 PM,4 PM,7,16,mph,SW
